Unity Editor version:    2023.2.22f1 (6b19bf4f8115)
Branch:                  2023.2/release
Build type:              Release
Batch mode:              YES
macOS version:           Version 26.2 (Build 25C56)
Darwin version:          25.2.0
Architecture:            arm64
Running under Rosetta:   NO
Available memory:        16384 MB
Using pre-set license
Pro License: YES

COMMAND LINE ARGUMENTS:
/Applications/Unity/Hub/Editor/2023.2.22f1/Unity.app/Contents/MacOS/Unity
-adb2
-batchMode
-noUpm
-name
AssetImportWorker0
-projectPath
/Users/gyurim/HearSay2022/HearSay2022
-logFile
Logs/AssetImportWorker0.log
-srvPort
53433
-job-worker-count
5
-background-job-worker-count
8
-asset-garbage-collectors
1
Successfully changed project path to: /Users/gyurim/HearSay2022/HearSay2022
/Users/gyurim/HearSay2022/HearSay2022
[UnityMemory] Configuration Parameters - Can be set up in boot.config
    "memorysetup-bucket-allocator-granularity=16"
    "memorysetup-bucket-allocator-bucket-count=8"
    "memorysetup-bucket-allocator-block-size=33554432"
    "memorysetup-bucket-allocator-block-count=8"
    "memorysetup-main-allocator-block-size=16777216"
    "memorysetup-thread-allocator-block-size=16777216"
    "memorysetup-gfx-main-allocator-block-size=16777216"
    "memorysetup-gfx-thread-allocator-block-size=16777216"
    "memorysetup-cache-allocator-block-size=4194304"
    "memorysetup-typetree-allocator-block-size=2097152"
    "memorysetup-profiler-bucket-allocator-granularity=16"
    "memorysetup-profiler-bucket-allocator-bucket-count=8"
    "memorysetup-profiler-bucket-allocator-block-size=33554432"
    "memorysetup-profiler-bucket-allocator-block-count=8"
    "memorysetup-profiler-allocator-block-size=16777216"
    "memorysetup-profiler-editor-allocator-block-size=1048576"
    "memorysetup-temp-allocator-size-main=16777216"
    "memorysetup-job-temp-allocator-block-size=2097152"
    "memorysetup-job-temp-allocator-block-size-background=1048576"
    "memorysetup-job-temp-allocator-reduction-small-platforms=262144"
    "memorysetup-allocator-temp-initial-block-size-main=262144"
    "memorysetup-allocator-temp-initial-block-size-worker=262144"
    "memorysetup-temp-allocator-size-background-worker=32768"
    "memorysetup-temp-allocator-size-job-worker=262144"
    "memorysetup-temp-allocator-size-preload-manager=33554432"
    "memorysetup-temp-allocator-size-nav-mesh-worker=65536"
    "memorysetup-temp-allocator-size-audio-worker=65536"
    "memorysetup-temp-allocator-size-cloud-worker=32768"
    "memorysetup-temp-allocator-size-gi-baking-worker=262144"
    "memorysetup-temp-allocator-size-gi-baking-worker=262144"
    "memorysetup-temp-allocator-size-gi-baking-worker=262144"
    "memorysetup-temp-allocator-size-gi-baking-worker=262144"
    "memorysetup-temp-allocator-size-gfx=262144"
Player connection [8599022656] Host "[IP] 192.168.1.39 [Port] 0 [Flags] 2 [Guid] 2797537102 [EditorId] 2797537102 [Version] 1048832 [Id] OSXEditor(0,Gyurims-MacBook-Pro.local) [Debug] 1 [PackageName] OSXEditor [ProjectName] Editor" joined multi-casting on [225.0.0.222:54997]...
Player connection [8599022656] Host "[IP] 192.168.1.39 [Port] 0 [Flags] 2 [Guid] 2797537102 [EditorId] 2797537102 [Version] 1048832 [Id] OSXEditor(0,Gyurims-MacBook-Pro.local) [Debug] 1 [PackageName] OSXEditor [ProjectName] Editor" joined alternative multi-casting on [225.0.0.222:34997]...
JobSystem: Creating JobQueue using job-worker-count value 5
[Physics::Module] Initialized MultithreadedJobDispatcher with 5 workers.
Library Redirect Path: Library/
Refreshing native plugins compatible for Editor in 25.89 ms, found 16 plugins.
Preloading 0 native plugins for Editor in 0.00 ms.
Initialize engine version: 2023.2.22f1 (6b19bf4f8115)
[Subsystems] Discovering subsystems at path /Applications/Unity/Hub/Editor/2023.2.22f1/Unity.app/Contents/Resources/UnitySubsystems
[Subsystems] Discovering subsystems at path /Users/gyurim/HearSay2022/HearSay2022/Assets
GfxDevice: creating device client; kGfxThreadingModeNonThreaded
 preferred device: Apple M2 Pro (high power)
Metal devices available: 1
0: Apple M2 Pro (high power)
Using device Apple M2 Pro (high power)
Initializing Metal device caps: Apple M2 Pro
Initialize mono
Mono path[0] = '/Applications/Unity/Hub/Editor/2023.2.22f1/Unity.app/Contents/Managed'
Mono path[1] = '/Applications/Unity/Hub/Editor/2023.2.22f1/Unity.app/Contents/MonoBleedingEdge/lib/mono/unityjit-macos'
Mono config path = '/Applications/Unity/Hub/Editor/2023.2.22f1/Unity.app/Contents/MonoBleedingEdge/etc'
Using monoOptions --debugger-agent=transport=dt_socket,embedding=1,server=y,suspend=n,address=127.0.0.1:56193
Begin MonoManager ReloadAssembly
Registering precompiled unity dll's ...
Register platform support module: /Applications/Unity/Hub/Editor/2023.2.22f1/Unity.app/Contents/PlaybackEngines/MacStandaloneSupport/UnityEditor.OSXStandalone.Extensions.dll
Register platform support module: /Applications/Unity/Hub/Editor/2023.2.22f1/PlaybackEngines/AndroidPlayer/UnityEditor.Android.Extensions.dll
Registered in 0.000954 seconds.
- Loaded All Assemblies, in  0.342 seconds
Native extension for Android target not found
Android Extension - Scanning For ADB Devices 266 ms
Native extension for OSXStandalone target not found
Mono: successfully reloaded assembly
- Finished resetting the current domain, in  0.592 seconds
Domain Reload Profiling: 934ms
	BeginReloadAssembly (116ms)
		ExecutionOrderSort (0ms)
		DisableScriptedObjects (0ms)
		BackupInstance (0ms)
		ReleaseScriptingObjects (0ms)
		CreateAndSetChildDomain (1ms)
	RebuildCommonClasses (31ms)
	RebuildNativeTypeToScriptingClass (12ms)
	initialDomainReloadingComplete (35ms)
	LoadAllAssembliesAndSetupDomain (148ms)
		LoadAssemblies (117ms)
		RebuildTransferFunctionScriptingTraits (0ms)
		AnalyzeDomain (144ms)
			TypeCache.Refresh (142ms)
				TypeCache.ScanAssembly (127ms)
			BuildScriptInfoCaches (0ms)
			ResolveRequiredComponents (1ms)
	FinalizeReload (593ms)
		ReleaseScriptCaches (0ms)
		RebuildScriptCaches (0ms)
		SetupLoadedEditorAssemblies (538ms)
			LogAssemblyErrors (0ms)
			InitializePlatformSupportModulesInManaged (355ms)
			SetLoadedEditorAssemblies (3ms)
			BeforeProcessingInitializeOnLoad (4ms)
			ProcessInitializeOnLoadAttributes (127ms)
			ProcessInitializeOnLoadMethodAttributes (48ms)
			AfterProcessingInitializeOnLoad (0ms)
			EditorAssembliesLoaded (0ms)
		ExecutionOrderSort2 (0ms)
		AwakeInstancesAfterBackupRestoration (0ms)
========================================================================
Worker process is ready to serve import requests
Import Worker Mode flag is 0x00
Begin MonoManager ReloadAssembly
Symbol file LoadedFromMemory is not a mono symbol file
- Loaded All Assemblies, in  1.075 seconds
'Packages/com.unity.xr.openxr/Runtime/OpenXRLoader.cs' contains partial class of Unity.Object, exactly 1 of the partial classes needs to be in a file with the same filename. This is to know the one that can be referenced from ie. GameObjects
'Packages/com.unity.xr.openxr/Runtime/OpenXRLoaderInternal.cs' contains partial class of Unity.Object, exactly 1 of the partial classes needs to be in a file with the same filename. This is to know the one that can be referenced from ie. GameObjects
Refreshing native plugins compatible for Editor in 8.73 ms, found 16 plugins.
Native extension for Android target not found
Native extension for OSXStandalone target not found
Refreshing native plugins compatible for Editor in 8.97 ms, found 16 plugins.
Package Manager log level set to [2]
[Package Manager] Failed to launch server process. Reason: Unity was launched with the -noUpm command-line argument
[Package Manager] Unable to send message (not connected to server process).
[Package Manager] Cannot connect to Unity Package Manager local server
Mono: successfully reloaded assembly
[Package Manager] Failed to launch server process. Reason: Unity was launched with the -noUpm command-line argument
[Package Manager] Unable to send message (not connected to server process).
[Package Manager] Cannot connect to Unity Package Manager local server
[Package Manager] Failed to launch server process. Reason: Unity was launched with the -noUpm command-line argument
[Package Manager] Unable to send message (not connected to server process).
[Package Manager] Cannot connect to Unity Package Manager local server
- Finished resetting the current domain, in  0.628 seconds
Domain Reload Profiling: 1702ms
	BeginReloadAssembly (632ms)
		ExecutionOrderSort (0ms)
		DisableScriptedObjects (4ms)
		BackupInstance (0ms)
		ReleaseScriptingObjects (0ms)
		CreateAndSetChildDomain (20ms)
	RebuildCommonClasses (31ms)
	RebuildNativeTypeToScriptingClass (13ms)
	initialDomainReloadingComplete (27ms)
	LoadAllAssembliesAndSetupDomain (372ms)
		LoadAssemblies (283ms)
		RebuildTransferFunctionScriptingTraits (0ms)
		AnalyzeDomain (141ms)
			TypeCache.Refresh (108ms)
				TypeCache.ScanAssembly (90ms)
			BuildScriptInfoCaches (25ms)
			ResolveRequiredComponents (7ms)
	FinalizeReload (628ms)
		ReleaseScriptCaches (0ms)
		RebuildScriptCaches (0ms)
		SetupLoadedEditorAssemblies (477ms)
			LogAssemblyErrors (0ms)
			InitializePlatformSupportModulesInManaged (13ms)
			SetLoadedEditorAssemblies (3ms)
			BeforeProcessingInitializeOnLoad (42ms)
			ProcessInitializeOnLoadAttributes (197ms)
			ProcessInitializeOnLoadMethodAttributes (221ms)
			AfterProcessingInitializeOnLoad (1ms)
			EditorAssembliesLoaded (0ms)
		ExecutionOrderSort2 (0ms)
		AwakeInstancesAfterBackupRestoration (4ms)
Launching external process: /Applications/Unity/Hub/Editor/2023.2.22f1/Unity.app/Contents/Tools/UnityShaderCompiler
Launched and connected shader compiler UnityShaderCompiler after 0.07 seconds
Refreshing native plugins compatible for Editor in 6.79 ms, found 16 plugins.
Preloading 0 native plugins for Editor in 0.00 ms.
Unloading 56 Unused Serialized files (Serialized files now loaded: 0)
Unloading 4811 unused Assets / (3.0 MB). Loaded Objects now: 5360.
Memory consumption went from 113.0 MB to 110.1 MB.
Total: 12.580709 ms (FindLiveObjects: 0.564167 ms CreateObjectMapping: 0.190958 ms MarkObjects: 9.970625 ms  DeleteObjects: 1.854500 ms)

========================================================================
Received Prepare
Begin MonoManager ReloadAssembly
Thread 0x175aeb000 may have been prematurely finalized
Symbol file LoadedFromMemory is not a mono symbol file
- Loaded All Assemblies, in  0.425 seconds
'Packages/com.unity.xr.openxr/Runtime/OpenXRLoader.cs' contains partial class of Unity.Object, exactly 1 of the partial classes needs to be in a file with the same filename. This is to know the one that can be referenced from ie. GameObjects
'Packages/com.unity.xr.openxr/Runtime/OpenXRLoaderInternal.cs' contains partial class of Unity.Object, exactly 1 of the partial classes needs to be in a file with the same filename. This is to know the one that can be referenced from ie. GameObjects
Refreshing native plugins compatible for Editor in 7.98 ms, found 16 plugins.
Native extension for Android target not found
Native extension for OSXStandalone target not found
Refreshing native plugins compatible for Editor in 8.89 ms, found 16 plugins.
[Package Manager] Failed to launch server process. Reason: Unity was launched with the -noUpm command-line argument
[Package Manager] Unable to send message (not connected to server process).
[Package Manager] Cannot connect to Unity Package Manager local server
Mono: successfully reloaded assembly
[Package Manager] Failed to launch server process. Reason: Unity was launched with the -noUpm command-line argument
[Package Manager] Unable to send message (not connected to server process).
[Package Manager] Cannot connect to Unity Package Manager local server
- Finished resetting the current domain, in  0.649 seconds
Domain Reload Profiling: 1075ms
	BeginReloadAssembly (99ms)
		ExecutionOrderSort (0ms)
		DisableScriptedObjects (4ms)
		BackupInstance (0ms)
		ReleaseScriptingObjects (0ms)
		CreateAndSetChildDomain (26ms)
	RebuildCommonClasses (29ms)
	RebuildNativeTypeToScriptingClass (12ms)
	initialDomainReloadingComplete (14ms)
	LoadAllAssembliesAndSetupDomain (271ms)
		LoadAssemblies (224ms)
		RebuildTransferFunctionScriptingTraits (0ms)
		AnalyzeDomain (87ms)
			TypeCache.Refresh (11ms)
				TypeCache.ScanAssembly (2ms)
			BuildScriptInfoCaches (68ms)
			ResolveRequiredComponents (6ms)
	FinalizeReload (650ms)
		ReleaseScriptCaches (0ms)
		RebuildScriptCaches (0ms)
		SetupLoadedEditorAssemblies (483ms)
			LogAssemblyErrors (0ms)
			InitializePlatformSupportModulesInManaged (14ms)
			SetLoadedEditorAssemblies (4ms)
			BeforeProcessingInitializeOnLoad (42ms)
			ProcessInitializeOnLoadAttributes (204ms)
			ProcessInitializeOnLoadMethodAttributes (218ms)
			AfterProcessingInitializeOnLoad (1ms)
			EditorAssembliesLoaded (0ms)
		ExecutionOrderSort2 (0ms)
		AwakeInstancesAfterBackupRestoration (6ms)
Refreshing native plugins compatible for Editor in 7.74 ms, found 16 plugins.
Preloading 0 native plugins for Editor in 0.00 ms.
Unloading 15 Unused Serialized files (Serialized files now loaded: 0)
Unloading 4809 unused Assets / (3.7 MB). Loaded Objects now: 5361.
Memory consumption went from 116.3 MB to 112.6 MB.
Total: 13.074916 ms (FindLiveObjects: 0.279791 ms CreateObjectMapping: 0.183334 ms MarkObjects: 9.711875 ms  DeleteObjects: 2.899666 ms)

Prepare: number of updated asset objects reloaded= 0
========================================================================
Received Import Request.
  Time since last request: 2065.907823 seconds.
  path: Assets/MediaPipeUnity/Samples/Common/Scripts/DummyServerManager.cs
  artifactKey: Guid(ef4e7547435054b68810e4420a86fb21) Importer(815301076,1909f56bfc062723c751e8b465ee728b)
Start importing Assets/MediaPipeUnity/Samples/Common/Scripts/DummyServerManager.cs using Guid(ef4e7547435054b68810e4420a86fb21) Importer(815301076,1909f56bfc062723c751e8b465ee728b) (PreviewImporter) -> (artifact id: '42b666282960fb5923127f5d3568c3bc') in 0.005339458 seconds
Number of updated asset objects reloaded before import = 0Number of asset objects unloaded after import = 0

========================================================================
Received Prepare
Begin MonoManager ReloadAssembly
Thread 0x175aeb000 may have been prematurely finalized
Symbol file LoadedFromMemory is not a mono symbol file
- Loaded All Assemblies, in  0.561 seconds
'Packages/com.unity.xr.openxr/Runtime/OpenXRLoader.cs' contains partial class of Unity.Object, exactly 1 of the partial classes needs to be in a file with the same filename. This is to know the one that can be referenced from ie. GameObjects
'Packages/com.unity.xr.openxr/Runtime/OpenXRLoaderInternal.cs' contains partial class of Unity.Object, exactly 1 of the partial classes needs to be in a file with the same filename. This is to know the one that can be referenced from ie. GameObjects
Refreshing native plugins compatible for Editor in 8.26 ms, found 16 plugins.
Native extension for Android target not found
Native extension for OSXStandalone target not found
Refreshing native plugins compatible for Editor in 11.39 ms, found 16 plugins.
[Package Manager] Failed to launch server process. Reason: Unity was launched with the -noUpm command-line argument
[Package Manager] Unable to send message (not connected to server process).
[Package Manager] Cannot connect to Unity Package Manager local server
Mono: successfully reloaded assembly
[Package Manager] Failed to launch server process. Reason: Unity was launched with the -noUpm command-line argument
[Package Manager] Unable to send message (not connected to server process).
[Package Manager] Cannot connect to Unity Package Manager local server
- Finished resetting the current domain, in  0.711 seconds
Domain Reload Profiling: 1274ms
	BeginReloadAssembly (173ms)
		ExecutionOrderSort (0ms)
		DisableScriptedObjects (7ms)
		BackupInstance (0ms)
		ReleaseScriptingObjects (0ms)
		CreateAndSetChildDomain (58ms)
	RebuildCommonClasses (30ms)
	RebuildNativeTypeToScriptingClass (13ms)
	initialDomainReloadingComplete (21ms)
	LoadAllAssembliesAndSetupDomain (325ms)
		LoadAssemblies (289ms)
		RebuildTransferFunctionScriptingTraits (0ms)
		AnalyzeDomain (99ms)
			TypeCache.Refresh (15ms)
				TypeCache.ScanAssembly (2ms)
			BuildScriptInfoCaches (75ms)
			ResolveRequiredComponents (7ms)
	FinalizeReload (711ms)
		ReleaseScriptCaches (0ms)
		RebuildScriptCaches (0ms)
		SetupLoadedEditorAssemblies (538ms)
			LogAssemblyErrors (0ms)
			InitializePlatformSupportModulesInManaged (18ms)
			SetLoadedEditorAssemblies (6ms)
			BeforeProcessingInitializeOnLoad (58ms)
			ProcessInitializeOnLoadAttributes (225ms)
			ProcessInitializeOnLoadMethodAttributes (231ms)
			AfterProcessingInitializeOnLoad (1ms)
			EditorAssembliesLoaded (0ms)
		ExecutionOrderSort2 (0ms)
		AwakeInstancesAfterBackupRestoration (6ms)
Refreshing native plugins compatible for Editor in 9.21 ms, found 16 plugins.
Preloading 0 native plugins for Editor in 0.00 ms.
Unloading 15 Unused Serialized files (Serialized files now loaded: 0)
Unloading 4809 unused Assets / (3.5 MB). Loaded Objects now: 5364.
Memory consumption went from 118.7 MB to 115.3 MB.
Total: 14.182292 ms (FindLiveObjects: 0.493500 ms CreateObjectMapping: 0.214000 ms MarkObjects: 10.716625 ms  DeleteObjects: 2.757625 ms)

Prepare: number of updated asset objects reloaded= 0
========================================================================
Received Prepare
Begin MonoManager ReloadAssembly
Thread 0x175aeb000 may have been prematurely finalized
Symbol file LoadedFromMemory is not a mono symbol file
- Loaded All Assemblies, in  0.498 seconds
'Packages/com.unity.xr.openxr/Runtime/OpenXRLoader.cs' contains partial class of Unity.Object, exactly 1 of the partial classes needs to be in a file with the same filename. This is to know the one that can be referenced from ie. GameObjects
'Packages/com.unity.xr.openxr/Runtime/OpenXRLoaderInternal.cs' contains partial class of Unity.Object, exactly 1 of the partial classes needs to be in a file with the same filename. This is to know the one that can be referenced from ie. GameObjects
Refreshing native plugins compatible for Editor in 12.77 ms, found 16 plugins.
Native extension for Android target not found
Native extension for OSXStandalone target not found
Refreshing native plugins compatible for Editor in 7.17 ms, found 16 plugins.
[Package Manager] Failed to launch server process. Reason: Unity was launched with the -noUpm command-line argument
[Package Manager] Unable to send message (not connected to server process).
[Package Manager] Cannot connect to Unity Package Manager local server
Mono: successfully reloaded assembly
[Package Manager] Failed to launch server process. Reason: Unity was launched with the -noUpm command-line argument
[Package Manager] Unable to send message (not connected to server process).
[Package Manager] Cannot connect to Unity Package Manager local server
- Finished resetting the current domain, in  0.664 seconds
Domain Reload Profiling: 1164ms
	BeginReloadAssembly (151ms)
		ExecutionOrderSort (0ms)
		DisableScriptedObjects (7ms)
		BackupInstance (0ms)
		ReleaseScriptingObjects (0ms)
		CreateAndSetChildDomain (45ms)
	RebuildCommonClasses (30ms)
	RebuildNativeTypeToScriptingClass (13ms)
	initialDomainReloadingComplete (17ms)
	LoadAllAssembliesAndSetupDomain (289ms)
		LoadAssemblies (250ms)
		RebuildTransferFunctionScriptingTraits (0ms)
		AnalyzeDomain (97ms)
			TypeCache.Refresh (10ms)
				TypeCache.ScanAssembly (0ms)
			BuildScriptInfoCaches (78ms)
			ResolveRequiredComponents (6ms)
	FinalizeReload (664ms)
		ReleaseScriptCaches (0ms)
		RebuildScriptCaches (0ms)
		SetupLoadedEditorAssemblies (486ms)
			LogAssemblyErrors (0ms)
			InitializePlatformSupportModulesInManaged (14ms)
			SetLoadedEditorAssemblies (5ms)
			BeforeProcessingInitializeOnLoad (43ms)
			ProcessInitializeOnLoadAttributes (198ms)
			ProcessInitializeOnLoadMethodAttributes (225ms)
			AfterProcessingInitializeOnLoad (1ms)
			EditorAssembliesLoaded (0ms)
		ExecutionOrderSort2 (0ms)
		AwakeInstancesAfterBackupRestoration (7ms)
Refreshing native plugins compatible for Editor in 8.91 ms, found 16 plugins.
Preloading 0 native plugins for Editor in 0.00 ms.
Unloading 15 Unused Serialized files (Serialized files now loaded: 0)
Unloading 4809 unused Assets / (3.4 MB). Loaded Objects now: 5365.
Memory consumption went from 120.6 MB to 117.2 MB.
Total: 13.195041 ms (FindLiveObjects: 0.329375 ms CreateObjectMapping: 0.211750 ms MarkObjects: 10.123125 ms  DeleteObjects: 2.529917 ms)

Prepare: number of updated asset objects reloaded= 0
========================================================================
Received Prepare
Begin MonoManager ReloadAssembly
Thread 0x175aeb000 may have been prematurely finalized
Symbol file LoadedFromMemory is not a mono symbol file
- Loaded All Assemblies, in  0.440 seconds
'Packages/com.unity.xr.openxr/Runtime/OpenXRLoader.cs' contains partial class of Unity.Object, exactly 1 of the partial classes needs to be in a file with the same filename. This is to know the one that can be referenced from ie. GameObjects
'Packages/com.unity.xr.openxr/Runtime/OpenXRLoaderInternal.cs' contains partial class of Unity.Object, exactly 1 of the partial classes needs to be in a file with the same filename. This is to know the one that can be referenced from ie. GameObjects
Refreshing native plugins compatible for Editor in 8.38 ms, found 16 plugins.
Native extension for Android target not found
Native extension for OSXStandalone target not found
Refreshing native plugins compatible for Editor in 8.08 ms, found 16 plugins.
[Package Manager] Failed to launch server process. Reason: Unity was launched with the -noUpm command-line argument
[Package Manager] Unable to send message (not connected to server process).
[Package Manager] Cannot connect to Unity Package Manager local server
Mono: successfully reloaded assembly
[Package Manager] Failed to launch server process. Reason: Unity was launched with the -noUpm command-line argument
[Package Manager] Unable to send message (not connected to server process).
[Package Manager] Cannot connect to Unity Package Manager local server
- Finished resetting the current domain, in  0.670 seconds
Domain Reload Profiling: 1113ms
	BeginReloadAssembly (110ms)
		ExecutionOrderSort (0ms)
		DisableScriptedObjects (4ms)
		BackupInstance (0ms)
		ReleaseScriptingObjects (0ms)
		CreateAndSetChildDomain (36ms)
	RebuildCommonClasses (30ms)
	RebuildNativeTypeToScriptingClass (13ms)
	initialDomainReloadingComplete (14ms)
	LoadAllAssembliesAndSetupDomain (276ms)
		LoadAssemblies (220ms)
		RebuildTransferFunctionScriptingTraits (0ms)
		AnalyzeDomain (95ms)
			TypeCache.Refresh (7ms)
				TypeCache.ScanAssembly (0ms)
			BuildScriptInfoCaches (79ms)
			ResolveRequiredComponents (7ms)
	FinalizeReload (671ms)
		ReleaseScriptCaches (0ms)
		RebuildScriptCaches (0ms)
		SetupLoadedEditorAssemblies (487ms)
			LogAssemblyErrors (0ms)
			InitializePlatformSupportModulesInManaged (14ms)
			SetLoadedEditorAssemblies (5ms)
			BeforeProcessingInitializeOnLoad (42ms)
			ProcessInitializeOnLoadAttributes (209ms)
			ProcessInitializeOnLoadMethodAttributes (216ms)
			AfterProcessingInitializeOnLoad (1ms)
			EditorAssembliesLoaded (0ms)
		ExecutionOrderSort2 (0ms)
		AwakeInstancesAfterBackupRestoration (7ms)
Refreshing native plugins compatible for Editor in 8.85 ms, found 16 plugins.
Preloading 0 native plugins for Editor in 0.00 ms.
Unloading 15 Unused Serialized files (Serialized files now loaded: 0)
Unloading 4809 unused Assets / (3.4 MB). Loaded Objects now: 5366.
Memory consumption went from 122.5 MB to 119.1 MB.
Total: 12.660083 ms (FindLiveObjects: 0.342334 ms CreateObjectMapping: 0.202208 ms MarkObjects: 9.698708 ms  DeleteObjects: 2.416291 ms)

Prepare: number of updated asset objects reloaded= 0
========================================================================
Received Prepare
Begin MonoManager ReloadAssembly
Thread 0x175bf7000 may have been prematurely finalized
Symbol file LoadedFromMemory is not a mono symbol file
- Loaded All Assemblies, in  0.538 seconds
'Packages/com.unity.xr.openxr/Runtime/OpenXRLoader.cs' contains partial class of Unity.Object, exactly 1 of the partial classes needs to be in a file with the same filename. This is to know the one that can be referenced from ie. GameObjects
'Packages/com.unity.xr.openxr/Runtime/OpenXRLoaderInternal.cs' contains partial class of Unity.Object, exactly 1 of the partial classes needs to be in a file with the same filename. This is to know the one that can be referenced from ie. GameObjects
Refreshing native plugins compatible for Editor in 8.21 ms, found 16 plugins.
Native extension for Android target not found
Native extension for OSXStandalone target not found
Refreshing native plugins compatible for Editor in 8.20 ms, found 16 plugins.
[Package Manager] Failed to launch server process. Reason: Unity was launched with the -noUpm command-line argument
[Package Manager] Unable to send message (not connected to server process).
[Package Manager] Cannot connect to Unity Package Manager local server
Mono: successfully reloaded assembly
[Package Manager] Failed to launch server process. Reason: Unity was launched with the -noUpm command-line argument
[Package Manager] Unable to send message (not connected to server process).
[Package Manager] Cannot connect to Unity Package Manager local server
- Finished resetting the current domain, in  0.651 seconds
Domain Reload Profiling: 1191ms
	BeginReloadAssembly (148ms)
		ExecutionOrderSort (0ms)
		DisableScriptedObjects (7ms)
		BackupInstance (0ms)
		ReleaseScriptingObjects (0ms)
		CreateAndSetChildDomain (45ms)
	RebuildCommonClasses (30ms)
	RebuildNativeTypeToScriptingClass (12ms)
	initialDomainReloadingComplete (26ms)
	LoadAllAssembliesAndSetupDomain (324ms)
		LoadAssemblies (284ms)
		RebuildTransferFunctionScriptingTraits (0ms)
		AnalyzeDomain (97ms)
			TypeCache.Refresh (11ms)
				TypeCache.ScanAssembly (0ms)
			BuildScriptInfoCaches (77ms)
			ResolveRequiredComponents (7ms)
	FinalizeReload (651ms)
		ReleaseScriptCaches (0ms)
		RebuildScriptCaches (0ms)
		SetupLoadedEditorAssemblies (488ms)
			LogAssemblyErrors (0ms)
			InitializePlatformSupportModulesInManaged (13ms)
			SetLoadedEditorAssemblies (4ms)
			BeforeProcessingInitializeOnLoad (48ms)
			ProcessInitializeOnLoadAttributes (208ms)
			ProcessInitializeOnLoadMethodAttributes (215ms)
			AfterProcessingInitializeOnLoad (1ms)
			EditorAssembliesLoaded (0ms)
		ExecutionOrderSort2 (0ms)
		AwakeInstancesAfterBackupRestoration (6ms)
Refreshing native plugins compatible for Editor in 9.86 ms, found 16 plugins.
Preloading 0 native plugins for Editor in 0.00 ms.
Unloading 15 Unused Serialized files (Serialized files now loaded: 0)
Unloading 4809 unused Assets / (3.3 MB). Loaded Objects now: 5367.
Memory consumption went from 124.4 MB to 121.1 MB.
Total: 12.994667 ms (FindLiveObjects: 0.298334 ms CreateObjectMapping: 0.196333 ms MarkObjects: 10.413125 ms  DeleteObjects: 2.086792 ms)

Prepare: number of updated asset objects reloaded= 0
========================================================================
Received Import Request.
  Time since last request: 271.920489 seconds.
  path: Assets/MediaPipeUnity/Samples/Common/Scripts/DummyServerManager.cs
  artifactKey: Guid(ef4e7547435054b68810e4420a86fb21) Importer(815301076,1909f56bfc062723c751e8b465ee728b)
Start importing Assets/MediaPipeUnity/Samples/Common/Scripts/DummyServerManager.cs using Guid(ef4e7547435054b68810e4420a86fb21) Importer(815301076,1909f56bfc062723c751e8b465ee728b) (PreviewImporter) -> (artifact id: '8879f63308ab2359c0dca582d0cce8ac') in 0.007510625 seconds
Number of updated asset objects reloaded before import = 0Number of asset objects unloaded after import = 0

========================================================================
Received Import Request.
  Time since last request: 75.773758 seconds.
  path: Assets/MediaPipeUnity/Samples/Common/Scripts/Sound/SoundWaveRenderer.cs
  artifactKey: Guid(564c33ec7a62c4b2984bd65253a8a7fb) Importer(815301076,1909f56bfc062723c751e8b465ee728b)
Start importing Assets/MediaPipeUnity/Samples/Common/Scripts/Sound/SoundWaveRenderer.cs using Guid(564c33ec7a62c4b2984bd65253a8a7fb) Importer(815301076,1909f56bfc062723c751e8b465ee728b) (PreviewImporter) -> (artifact id: '2c65346dde407007c1ade10a0a6da01a') in 0.002630958 seconds
Number of updated asset objects reloaded before import = 0Number of asset objects unloaded after import = 0

========================================================================
Received Prepare
Begin MonoManager ReloadAssembly
Thread 0x175d77000 may have been prematurely finalized
Symbol file LoadedFromMemory is not a mono symbol file
- Loaded All Assemblies, in  0.550 seconds
'Packages/com.unity.xr.openxr/Runtime/OpenXRLoader.cs' contains partial class of Unity.Object, exactly 1 of the partial classes needs to be in a file with the same filename. This is to know the one that can be referenced from ie. GameObjects
'Packages/com.unity.xr.openxr/Runtime/OpenXRLoaderInternal.cs' contains partial class of Unity.Object, exactly 1 of the partial classes needs to be in a file with the same filename. This is to know the one that can be referenced from ie. GameObjects
Refreshing native plugins compatible for Editor in 8.40 ms, found 16 plugins.
Native extension for Android target not found
Native extension for OSXStandalone target not found
Refreshing native plugins compatible for Editor in 12.79 ms, found 16 plugins.
[Package Manager] Failed to launch server process. Reason: Unity was launched with the -noUpm command-line argument
[Package Manager] Unable to send message (not connected to server process).
[Package Manager] Cannot connect to Unity Package Manager local server
Mono: successfully reloaded assembly
[Package Manager] Failed to launch server process. Reason: Unity was launched with the -noUpm command-line argument
[Package Manager] Unable to send message (not connected to server process).
[Package Manager] Cannot connect to Unity Package Manager local server
- Finished resetting the current domain, in  0.673 seconds
Domain Reload Profiling: 1224ms
	BeginReloadAssembly (183ms)
		ExecutionOrderSort (0ms)
		DisableScriptedObjects (11ms)
		BackupInstance (0ms)
		ReleaseScriptingObjects (2ms)
		CreateAndSetChildDomain (58ms)
	RebuildCommonClasses (29ms)
	RebuildNativeTypeToScriptingClass (12ms)
	initialDomainReloadingComplete (22ms)
	LoadAllAssembliesAndSetupDomain (305ms)
		LoadAssemblies (271ms)
		RebuildTransferFunctionScriptingTraits (0ms)
		AnalyzeDomain (91ms)
			TypeCache.Refresh (11ms)
				TypeCache.ScanAssembly (2ms)
			BuildScriptInfoCaches (71ms)
			ResolveRequiredComponents (6ms)
	FinalizeReload (673ms)
		ReleaseScriptCaches (0ms)
		RebuildScriptCaches (0ms)
		SetupLoadedEditorAssemblies (497ms)
			LogAssemblyErrors (0ms)
			InitializePlatformSupportModulesInManaged (13ms)
			SetLoadedEditorAssemblies (4ms)
			BeforeProcessingInitializeOnLoad (40ms)
			ProcessInitializeOnLoadAttributes (219ms)
			ProcessInitializeOnLoadMethodAttributes (220ms)
			AfterProcessingInitializeOnLoad (1ms)
			EditorAssembliesLoaded (0ms)
		ExecutionOrderSort2 (0ms)
		AwakeInstancesAfterBackupRestoration (6ms)
Refreshing native plugins compatible for Editor in 8.35 ms, found 16 plugins.
Preloading 0 native plugins for Editor in 0.00 ms.
Unloading 15 Unused Serialized files (Serialized files now loaded: 0)
Unloading 4809 unused Assets / (3.4 MB). Loaded Objects now: 5368.
Memory consumption went from 126.4 MB to 123.0 MB.
Total: 11.723042 ms (FindLiveObjects: 0.278125 ms CreateObjectMapping: 0.189875 ms MarkObjects: 9.449500 ms  DeleteObjects: 1.805041 ms)

Prepare: number of updated asset objects reloaded= 0
========================================================================
Received Import Request.
  Time since last request: 117.163367 seconds.
  path: Assets/MediaPipeUnity/Samples/Common/Scripts/Sound/SoundWaveRenderer.cs
  artifactKey: Guid(564c33ec7a62c4b2984bd65253a8a7fb) Importer(815301076,1909f56bfc062723c751e8b465ee728b)
Start importing Assets/MediaPipeUnity/Samples/Common/Scripts/Sound/SoundWaveRenderer.cs using Guid(564c33ec7a62c4b2984bd65253a8a7fb) Importer(815301076,1909f56bfc062723c751e8b465ee728b) (PreviewImporter) -> (artifact id: 'a95acd9330b40085cf6af58b322aa20b') in 0.001303709 seconds
Number of updated asset objects reloaded before import = 0Number of asset objects unloaded after import = 0

========================================================================
Received Prepare
Begin MonoManager ReloadAssembly
Thread 0x16f8a3000 may have been prematurely finalized
Symbol file LoadedFromMemory is not a mono symbol file
- Loaded All Assemblies, in  0.527 seconds
'Packages/com.unity.xr.openxr/Runtime/OpenXRLoader.cs' contains partial class of Unity.Object, exactly 1 of the partial classes needs to be in a file with the same filename. This is to know the one that can be referenced from ie. GameObjects
'Packages/com.unity.xr.openxr/Runtime/OpenXRLoaderInternal.cs' contains partial class of Unity.Object, exactly 1 of the partial classes needs to be in a file with the same filename. This is to know the one that can be referenced from ie. GameObjects
Refreshing native plugins compatible for Editor in 9.47 ms, found 16 plugins.
Native extension for Android target not found
Native extension for OSXStandalone target not found
Refreshing native plugins compatible for Editor in 8.13 ms, found 16 plugins.
[Package Manager] Failed to launch server process. Reason: Unity was launched with the -noUpm command-line argument
[Package Manager] Unable to send message (not connected to server process).
[Package Manager] Cannot connect to Unity Package Manager local server
Mono: successfully reloaded assembly
[Package Manager] Failed to launch server process. Reason: Unity was launched with the -noUpm command-line argument
[Package Manager] Unable to send message (not connected to server process).
[Package Manager] Cannot connect to Unity Package Manager local server
- Finished resetting the current domain, in  0.666 seconds
Domain Reload Profiling: 1195ms
	BeginReloadAssembly (161ms)
		ExecutionOrderSort (0ms)
		DisableScriptedObjects (7ms)
		BackupInstance (0ms)
		ReleaseScriptingObjects (0ms)
		CreateAndSetChildDomain (50ms)
	RebuildCommonClasses (31ms)
	RebuildNativeTypeToScriptingClass (13ms)
	initialDomainReloadingComplete (18ms)
	LoadAllAssembliesAndSetupDomain (306ms)
		LoadAssemblies (275ms)
		RebuildTransferFunctionScriptingTraits (0ms)
		AnalyzeDomain (93ms)
			TypeCache.Refresh (8ms)
				TypeCache.ScanAssembly (0ms)
			BuildScriptInfoCaches (76ms)
			ResolveRequiredComponents (7ms)
	FinalizeReload (667ms)
		ReleaseScriptCaches (0ms)
		RebuildScriptCaches (0ms)
		SetupLoadedEditorAssemblies (498ms)
			LogAssemblyErrors (0ms)
			InitializePlatformSupportModulesInManaged (14ms)
			SetLoadedEditorAssemblies (4ms)
			BeforeProcessingInitializeOnLoad (48ms)
			ProcessInitializeOnLoadAttributes (208ms)
			ProcessInitializeOnLoadMethodAttributes (223ms)
			AfterProcessingInitializeOnLoad (1ms)
			EditorAssembliesLoaded (0ms)
		ExecutionOrderSort2 (0ms)
		AwakeInstancesAfterBackupRestoration (6ms)
Refreshing native plugins compatible for Editor in 8.28 ms, found 16 plugins.
Preloading 0 native plugins for Editor in 0.00 ms.
Unloading 15 Unused Serialized files (Serialized files now loaded: 0)
Unloading 4809 unused Assets / (3.5 MB). Loaded Objects now: 5369.
Memory consumption went from 128.2 MB to 124.8 MB.
Total: 11.786375 ms (FindLiveObjects: 0.293292 ms CreateObjectMapping: 0.193584 ms MarkObjects: 9.479416 ms  DeleteObjects: 1.819625 ms)

Prepare: number of updated asset objects reloaded= 0
========================================================================
Received Prepare
Begin MonoManager ReloadAssembly
Thread 0x16f8a3000 may have been prematurely finalized
Symbol file LoadedFromMemory is not a mono symbol file
- Loaded All Assemblies, in  0.532 seconds
'Packages/com.unity.xr.openxr/Runtime/OpenXRLoader.cs' contains partial class of Unity.Object, exactly 1 of the partial classes needs to be in a file with the same filename. This is to know the one that can be referenced from ie. GameObjects
'Packages/com.unity.xr.openxr/Runtime/OpenXRLoaderInternal.cs' contains partial class of Unity.Object, exactly 1 of the partial classes needs to be in a file with the same filename. This is to know the one that can be referenced from ie. GameObjects
Refreshing native plugins compatible for Editor in 15.04 ms, found 16 plugins.
Native extension for Android target not found
Native extension for OSXStandalone target not found
Refreshing native plugins compatible for Editor in 11.03 ms, found 16 plugins.
[Package Manager] Failed to launch server process. Reason: Unity was launched with the -noUpm command-line argument
[Package Manager] Unable to send message (not connected to server process).
[Package Manager] Cannot connect to Unity Package Manager local server
Mono: successfully reloaded assembly
[Package Manager] Failed to launch server process. Reason: Unity was launched with the -noUpm command-line argument
[Package Manager] Unable to send message (not connected to server process).
[Package Manager] Cannot connect to Unity Package Manager local server
- Finished resetting the current domain, in  0.670 seconds
Domain Reload Profiling: 1205ms
	BeginReloadAssembly (171ms)
		ExecutionOrderSort (0ms)
		DisableScriptedObjects (7ms)
		BackupInstance (0ms)
		ReleaseScriptingObjects (0ms)
		CreateAndSetChildDomain (49ms)
	RebuildCommonClasses (30ms)
	RebuildNativeTypeToScriptingClass (13ms)
	initialDomainReloadingComplete (18ms)
	LoadAllAssembliesAndSetupDomain (303ms)
		LoadAssemblies (279ms)
		RebuildTransferFunctionScriptingTraits (0ms)
		AnalyzeDomain (92ms)
			TypeCache.Refresh (11ms)
				TypeCache.ScanAssembly (2ms)
			BuildScriptInfoCaches (72ms)
			ResolveRequiredComponents (6ms)
	FinalizeReload (671ms)
		ReleaseScriptCaches (0ms)
		RebuildScriptCaches (0ms)
		SetupLoadedEditorAssemblies (499ms)
			LogAssemblyErrors (0ms)
			InitializePlatformSupportModulesInManaged (18ms)
			SetLoadedEditorAssemblies (4ms)
			BeforeProcessingInitializeOnLoad (49ms)
			ProcessInitializeOnLoadAttributes (216ms)
			ProcessInitializeOnLoadMethodAttributes (212ms)
			AfterProcessingInitializeOnLoad (1ms)
			EditorAssembliesLoaded (0ms)
		ExecutionOrderSort2 (0ms)
		AwakeInstancesAfterBackupRestoration (6ms)
Refreshing native plugins compatible for Editor in 8.11 ms, found 16 plugins.
Preloading 0 native plugins for Editor in 0.00 ms.
Unloading 15 Unused Serialized files (Serialized files now loaded: 0)
Unloading 4809 unused Assets / (3.4 MB). Loaded Objects now: 5370.
Memory consumption went from 130.1 MB to 126.8 MB.
Total: 12.362000 ms (FindLiveObjects: 0.285375 ms CreateObjectMapping: 0.187917 ms MarkObjects: 10.102292 ms  DeleteObjects: 1.786000 ms)

Prepare: number of updated asset objects reloaded= 0
========================================================================
Received Import Request.
  Time since last request: 196.067412 seconds.
  path: Assets/MediaPipeUnity/Samples/Common/Scripts/Sound/SoundWaveRenderer.cs
  artifactKey: Guid(564c33ec7a62c4b2984bd65253a8a7fb) Importer(815301076,1909f56bfc062723c751e8b465ee728b)
Start importing Assets/MediaPipeUnity/Samples/Common/Scripts/Sound/SoundWaveRenderer.cs using Guid(564c33ec7a62c4b2984bd65253a8a7fb) Importer(815301076,1909f56bfc062723c751e8b465ee728b) (PreviewImporter) -> (artifact id: 'c4cc394fbef400404eec47b6de81d873') in 0.001238333 seconds
Number of updated asset objects reloaded before import = 0Number of asset objects unloaded after import = 0

========================================================================
Received Prepare
Begin MonoManager ReloadAssembly
Thread 0x16f8a3000 may have been prematurely finalized
Symbol file LoadedFromMemory is not a mono symbol file
- Loaded All Assemblies, in  0.399 seconds
'Packages/com.unity.xr.openxr/Runtime/OpenXRLoader.cs' contains partial class of Unity.Object, exactly 1 of the partial classes needs to be in a file with the same filename. This is to know the one that can be referenced from ie. GameObjects
'Packages/com.unity.xr.openxr/Runtime/OpenXRLoaderInternal.cs' contains partial class of Unity.Object, exactly 1 of the partial classes needs to be in a file with the same filename. This is to know the one that can be referenced from ie. GameObjects
Refreshing native plugins compatible for Editor in 7.10 ms, found 16 plugins.
Native extension for Android target not found
Native extension for OSXStandalone target not found
Refreshing native plugins compatible for Editor in 7.74 ms, found 16 plugins.
[Package Manager] Failed to launch server process. Reason: Unity was launched with the -noUpm command-line argument
[Package Manager] Unable to send message (not connected to server process).
[Package Manager] Cannot connect to Unity Package Manager local server
Mono: successfully reloaded assembly
[Package Manager] Failed to launch server process. Reason: Unity was launched with the -noUpm command-line argument
[Package Manager] Unable to send message (not connected to server process).
[Package Manager] Cannot connect to Unity Package Manager local server
- Finished resetting the current domain, in  0.667 seconds
Domain Reload Profiling: 1069ms
	BeginReloadAssembly (99ms)
		ExecutionOrderSort (0ms)
		DisableScriptedObjects (4ms)
		BackupInstance (0ms)
		ReleaseScriptingObjects (0ms)
		CreateAndSetChildDomain (27ms)
	RebuildCommonClasses (29ms)
	RebuildNativeTypeToScriptingClass (12ms)
	initialDomainReloadingComplete (14ms)
	LoadAllAssembliesAndSetupDomain (247ms)
		LoadAssemblies (194ms)
		RebuildTransferFunctionScriptingTraits (0ms)
		AnalyzeDomain (90ms)
			TypeCache.Refresh (7ms)
				TypeCache.ScanAssembly (0ms)
			BuildScriptInfoCaches (75ms)
			ResolveRequiredComponents (7ms)
	FinalizeReload (668ms)
		ReleaseScriptCaches (0ms)
		RebuildScriptCaches (0ms)
		SetupLoadedEditorAssemblies (494ms)
			LogAssemblyErrors (0ms)
			InitializePlatformSupportModulesInManaged (15ms)
			SetLoadedEditorAssemblies (5ms)
			BeforeProcessingInitializeOnLoad (41ms)
			ProcessInitializeOnLoadAttributes (204ms)
			ProcessInitializeOnLoadMethodAttributes (229ms)
			AfterProcessingInitializeOnLoad (1ms)
			EditorAssembliesLoaded (0ms)
		ExecutionOrderSort2 (0ms)
		AwakeInstancesAfterBackupRestoration (6ms)
Refreshing native plugins compatible for Editor in 8.38 ms, found 16 plugins.
Preloading 0 native plugins for Editor in 0.00 ms.
Unloading 15 Unused Serialized files (Serialized files now loaded: 0)
Unloading 4809 unused Assets / (3.2 MB). Loaded Objects now: 5371.
Memory consumption went from 132.1 MB to 128.9 MB.
Total: 14.037958 ms (FindLiveObjects: 0.323041 ms CreateObjectMapping: 0.218709 ms MarkObjects: 11.332583 ms  DeleteObjects: 2.162916 ms)

Prepare: number of updated asset objects reloaded= 0
========================================================================
Received Prepare
'Packages/com.unity.xr.openxr/Runtime/OpenXRLoader.cs' contains partial class of Unity.Object, exactly 1 of the partial classes needs to be in a file with the same filename. This is to know the one that can be referenced from ie. GameObjects
'Packages/com.unity.xr.openxr/Runtime/OpenXRLoaderInternal.cs' contains partial class of Unity.Object, exactly 1 of the partial classes needs to be in a file with the same filename. This is to know the one that can be referenced from ie. GameObjects
Refreshing native plugins compatible for Editor in 13.17 ms, found 16 plugins.
Preloading 0 native plugins for Editor in 0.00 ms.
Unloading 8 Unused Serialized files (Serialized files now loaded: 0)
Unloading 4703 unused Assets / (3.4 MB). Loaded Objects now: 5354.
Memory consumption went from 121.5 MB to 118.1 MB.
Total: 41.544291 ms (FindLiveObjects: 0.389000 ms CreateObjectMapping: 0.185125 ms MarkObjects: 38.034958 ms  DeleteObjects: 2.934459 ms)

Prepare: number of updated asset objects reloaded= 0
========================================================================
Received Import Request.
  Time since last request: 3644.900794 seconds.
  path: Assets/MediaPipeUnity/Samples/Common/Scripts/SpeakerHighlight.cs
  artifactKey: Guid(a9f577666b6f2436a9db46a45ac04e8e) Importer(815301076,1909f56bfc062723c751e8b465ee728b)
Start importing Assets/MediaPipeUnity/Samples/Common/Scripts/SpeakerHighlight.cs using Guid(a9f577666b6f2436a9db46a45ac04e8e) Importer(815301076,1909f56bfc062723c751e8b465ee728b) (PreviewImporter) -> (artifact id: '59fea74f59f516872e590b62af832806') in 0.004980333 seconds
Number of updated asset objects reloaded before import = 0Number of asset objects unloaded after import = 0

========================================================================
Received Prepare
Begin MonoManager ReloadAssembly
Thread 0x16f8a3000 may have been prematurely finalized
Symbol file LoadedFromMemory is not a mono symbol file
- Loaded All Assemblies, in  0.552 seconds
'Packages/com.unity.xr.openxr/Runtime/OpenXRLoader.cs' contains partial class of Unity.Object, exactly 1 of the partial classes needs to be in a file with the same filename. This is to know the one that can be referenced from ie. GameObjects
'Packages/com.unity.xr.openxr/Runtime/OpenXRLoaderInternal.cs' contains partial class of Unity.Object, exactly 1 of the partial classes needs to be in a file with the same filename. This is to know the one that can be referenced from ie. GameObjects
Refreshing native plugins compatible for Editor in 8.95 ms, found 16 plugins.
Native extension for Android target not found
Native extension for OSXStandalone target not found
Refreshing native plugins compatible for Editor in 8.45 ms, found 16 plugins.
[Package Manager] Failed to launch server process. Reason: Unity was launched with the -noUpm command-line argument
[Package Manager] Unable to send message (not connected to server process).
[Package Manager] Cannot connect to Unity Package Manager local server
Mono: successfully reloaded assembly
[Package Manager] Failed to launch server process. Reason: Unity was launched with the -noUpm command-line argument
[Package Manager] Unable to send message (not connected to server process).
[Package Manager] Cannot connect to Unity Package Manager local server
- Finished resetting the current domain, in  0.697 seconds
Domain Reload Profiling: 1251ms
	BeginReloadAssembly (172ms)
		ExecutionOrderSort (0ms)
		DisableScriptedObjects (9ms)
		BackupInstance (0ms)
		ReleaseScriptingObjects (1ms)
		CreateAndSetChildDomain (55ms)
	RebuildCommonClasses (31ms)
	RebuildNativeTypeToScriptingClass (14ms)
	initialDomainReloadingComplete (19ms)
	LoadAllAssembliesAndSetupDomain (317ms)
		LoadAssemblies (276ms)
		RebuildTransferFunctionScriptingTraits (0ms)
		AnalyzeDomain (100ms)
			TypeCache.Refresh (15ms)
				TypeCache.ScanAssembly (2ms)
			BuildScriptInfoCaches (75ms)
			ResolveRequiredComponents (7ms)
	FinalizeReload (698ms)
		ReleaseScriptCaches (0ms)
		RebuildScriptCaches (0ms)
		SetupLoadedEditorAssemblies (527ms)
			LogAssemblyErrors (0ms)
			InitializePlatformSupportModulesInManaged (14ms)
			SetLoadedEditorAssemblies (5ms)
			BeforeProcessingInitializeOnLoad (47ms)
			ProcessInitializeOnLoadAttributes (227ms)
			ProcessInitializeOnLoadMethodAttributes (232ms)
			AfterProcessingInitializeOnLoad (1ms)
			EditorAssembliesLoaded (0ms)
		ExecutionOrderSort2 (0ms)
		AwakeInstancesAfterBackupRestoration (6ms)
Refreshing native plugins compatible for Editor in 7.86 ms, found 16 plugins.
Preloading 0 native plugins for Editor in 0.00 ms.
Unloading 15 Unused Serialized files (Serialized files now loaded: 0)
Unloading 4810 unused Assets / (3.4 MB). Loaded Objects now: 5373.
Memory consumption went from 133.9 MB to 130.5 MB.
Total: 13.727208 ms (FindLiveObjects: 0.329042 ms CreateObjectMapping: 0.209042 ms MarkObjects: 10.664500 ms  DeleteObjects: 2.524000 ms)

Prepare: number of updated asset objects reloaded= 0
========================================================================
Received Import Request.
  Time since last request: 7.740730 seconds.
  path: Assets/MediaPipeUnity/Samples/Common/Scripts/SpeakerHighlight.cs
  artifactKey: Guid(a9f577666b6f2436a9db46a45ac04e8e) Importer(815301076,1909f56bfc062723c751e8b465ee728b)
Start importing Assets/MediaPipeUnity/Samples/Common/Scripts/SpeakerHighlight.cs using Guid(a9f577666b6f2436a9db46a45ac04e8e) Importer(815301076,1909f56bfc062723c751e8b465ee728b) (PreviewImporter) -> (artifact id: '00000000000000000000000000000000') in 0.001498084 seconds
Import Error Code:(4)
Message: Build asset version error: assets/mediapipeunity/samples/common/scripts/speakerhighlight.cs in SourceAssetDB has modification time of '2026-09-16T03:48:34Z' while content on disk has modification time of '2026-09-16T03:48:40Z'
  ERROR: Build asset version error: assets/mediapipeunity/samples/common/scripts/speakerhighlight.cs in SourceAssetDB has modification time of '2026-09-16T03:48:34Z' while content on disk has modification time of '2026-09-16T03:48:40Z'
Number of updated asset objects reloaded before import = 0Number of asset objects unloaded after import = 0

========================================================================
Received Import Request.
  Time since last request: 0.053475 seconds.
  path: Assets/MediaPipeUnity/Samples/Common/Scripts/SpeakerHighlight.cs
  artifactKey: Guid(a9f577666b6f2436a9db46a45ac04e8e) Importer(815301076,1909f56bfc062723c751e8b465ee728b)
Start importing Assets/MediaPipeUnity/Samples/Common/Scripts/SpeakerHighlight.cs using Guid(a9f577666b6f2436a9db46a45ac04e8e) Importer(815301076,1909f56bfc062723c751e8b465ee728b) (PreviewImporter) -> (artifact id: '00000000000000000000000000000000') in 0.000287333 seconds
Import Error Code:(4)
Message: Build asset version error: assets/mediapipeunity/samples/common/scripts/speakerhighlight.cs in SourceAssetDB has modification time of '2026-09-16T03:48:34Z' while content on disk has modification time of '2026-09-16T03:48:43Z'
  ERROR: Build asset version error: assets/mediapipeunity/samples/common/scripts/speakerhighlight.cs in SourceAssetDB has modification time of '2026-09-16T03:48:34Z' while content on disk has modification time of '2026-09-16T03:48:43Z'
Number of updated asset objects reloaded before import = 0Number of asset objects unloaded after import = 0

========================================================================
Received Import Request.
  Time since last request: 0.199082 seconds.
  path: Assets/MediaPipeUnity/Samples/Common/Scripts/SpeakerHighlight.cs
  artifactKey: Guid(a9f577666b6f2436a9db46a45ac04e8e) Importer(815301076,1909f56bfc062723c751e8b465ee728b)
Start importing Assets/MediaPipeUnity/Samples/Common/Scripts/SpeakerHighlight.cs using Guid(a9f577666b6f2436a9db46a45ac04e8e) Importer(815301076,1909f56bfc062723c751e8b465ee728b) (PreviewImporter) -> (artifact id: '00000000000000000000000000000000') in 0.000324666 seconds
Import Error Code:(4)
Message: Build asset version error: assets/mediapipeunity/samples/common/scripts/speakerhighlight.cs in SourceAssetDB has modification time of '2026-09-16T03:48:34Z' while content on disk has modification time of '2026-09-16T03:48:43Z'
  ERROR: Build asset version error: assets/mediapipeunity/samples/common/scripts/speakerhighlight.cs in SourceAssetDB has modification time of '2026-09-16T03:48:34Z' while content on disk has modification time of '2026-09-16T03:48:43Z'
Number of updated asset objects reloaded before import = 0Number of asset objects unloaded after import = 0

========================================================================
Received Import Request.
  Time since last request: 0.101158 seconds.
  path: Assets/MediaPipeUnity/Samples/Common/Scripts/SpeakerHighlight.cs
  artifactKey: Guid(a9f577666b6f2436a9db46a45ac04e8e) Importer(815301076,1909f56bfc062723c751e8b465ee728b)
Start importing Assets/MediaPipeUnity/Samples/Common/Scripts/SpeakerHighlight.cs using Guid(a9f577666b6f2436a9db46a45ac04e8e) Importer(815301076,1909f56bfc062723c751e8b465ee728b) (PreviewImporter) -> (artifact id: '00000000000000000000000000000000') in 0.000296875 seconds
Import Error Code:(4)
Message: Build asset version error: assets/mediapipeunity/samples/common/scripts/speakerhighlight.cs in SourceAssetDB has modification time of '2026-09-16T03:48:34Z' while content on disk has modification time of '2026-09-16T03:48:43Z'
  ERROR: Build asset version error: assets/mediapipeunity/samples/common/scripts/speakerhighlight.cs in SourceAssetDB has modification time of '2026-09-16T03:48:34Z' while content on disk has modification time of '2026-09-16T03:48:43Z'
Number of updated asset objects reloaded before import = 0Number of asset objects unloaded after import = 0

========================================================================
Received Import Request.
  Time since last request: 0.198493 seconds.
  path: Assets/MediaPipeUnity/Samples/Common/Scripts/SpeakerHighlight.cs
  artifactKey: Guid(a9f577666b6f2436a9db46a45ac04e8e) Importer(815301076,1909f56bfc062723c751e8b465ee728b)
Start importing Assets/MediaPipeUnity/Samples/Common/Scripts/SpeakerHighlight.cs using Guid(a9f577666b6f2436a9db46a45ac04e8e) Importer(815301076,1909f56bfc062723c751e8b465ee728b) (PreviewImporter) -> (artifact id: '00000000000000000000000000000000') in 0.000348917 seconds
Import Error Code:(4)
Message: Build asset version error: assets/mediapipeunity/samples/common/scripts/speakerhighlight.cs in SourceAssetDB has modification time of '2026-09-16T03:48:34Z' while content on disk has modification time of '2026-09-16T03:48:43Z'
  ERROR: Build asset version error: assets/mediapipeunity/samples/common/scripts/speakerhighlight.cs in SourceAssetDB has modification time of '2026-09-16T03:48:34Z' while content on disk has modification time of '2026-09-16T03:48:43Z'
Number of updated asset objects reloaded before import = 0Number of asset objects unloaded after import = 0

========================================================================
Received Import Request.
  Time since last request: 0.098888 seconds.
  path: Assets/MediaPipeUnity/Samples/Common/Scripts/SpeakerHighlight.cs
  artifactKey: Guid(a9f577666b6f2436a9db46a45ac04e8e) Importer(815301076,1909f56bfc062723c751e8b465ee728b)
Start importing Assets/MediaPipeUnity/Samples/Common/Scripts/SpeakerHighlight.cs using Guid(a9f577666b6f2436a9db46a45ac04e8e) Importer(815301076,1909f56bfc062723c751e8b465ee728b) (PreviewImporter) -> (artifact id: '00000000000000000000000000000000') in 0.000458208 seconds
Import Error Code:(4)
Message: Build asset version error: assets/mediapipeunity/samples/common/scripts/speakerhighlight.cs in SourceAssetDB has modification time of '2026-09-16T03:48:34Z' while content on disk has modification time of '2026-09-16T03:48:43Z'
  ERROR: Build asset version error: assets/mediapipeunity/samples/common/scripts/speakerhighlight.cs in SourceAssetDB has modification time of '2026-09-16T03:48:34Z' while content on disk has modification time of '2026-09-16T03:48:43Z'
Number of updated asset objects reloaded before import = 0Number of asset objects unloaded after import = 0

========================================================================
Received Import Request.
  Time since last request: 0.198352 seconds.
  path: Assets/MediaPipeUnity/Samples/Common/Scripts/SpeakerHighlight.cs
  artifactKey: Guid(a9f577666b6f2436a9db46a45ac04e8e) Importer(815301076,1909f56bfc062723c751e8b465ee728b)
Start importing Assets/MediaPipeUnity/Samples/Common/Scripts/SpeakerHighlight.cs using Guid(a9f577666b6f2436a9db46a45ac04e8e) Importer(815301076,1909f56bfc062723c751e8b465ee728b) (PreviewImporter) -> (artifact id: '00000000000000000000000000000000') in 0.000349291 seconds
Import Error Code:(4)
Message: Build asset version error: assets/mediapipeunity/samples/common/scripts/speakerhighlight.cs in SourceAssetDB has modification time of '2026-09-16T03:48:34Z' while content on disk has modification time of '2026-09-16T03:48:43Z'
  ERROR: Build asset version error: assets/mediapipeunity/samples/common/scripts/speakerhighlight.cs in SourceAssetDB has modification time of '2026-09-16T03:48:34Z' while content on disk has modification time of '2026-09-16T03:48:43Z'
Number of updated asset objects reloaded before import = 0Number of asset objects unloaded after import = 0

========================================================================
Received Import Request.
  Time since last request: 0.200753 seconds.
  path: Assets/MediaPipeUnity/Samples/Common/Scripts/SpeakerHighlight.cs
  artifactKey: Guid(a9f577666b6f2436a9db46a45ac04e8e) Importer(815301076,1909f56bfc062723c751e8b465ee728b)
Start importing Assets/MediaPipeUnity/Samples/Common/Scripts/SpeakerHighlight.cs using Guid(a9f577666b6f2436a9db46a45ac04e8e) Importer(815301076,1909f56bfc062723c751e8b465ee728b) (PreviewImporter) -> (artifact id: '00000000000000000000000000000000') in 0.000387875 seconds
Import Error Code:(4)
Message: Build asset version error: assets/mediapipeunity/samples/common/scripts/speakerhighlight.cs in SourceAssetDB has modification time of '2026-09-16T03:48:34Z' while content on disk has modification time of '2026-09-16T03:48:43Z'
  ERROR: Build asset version error: assets/mediapipeunity/samples/common/scripts/speakerhighlight.cs in SourceAssetDB has modification time of '2026-09-16T03:48:34Z' while content on disk has modification time of '2026-09-16T03:48:43Z'
Number of updated asset objects reloaded before import = 0Number of asset objects unloaded after import = 0

========================================================================
Received Import Request.
  Time since last request: 0.194833 seconds.
  path: Assets/MediaPipeUnity/Samples/Common/Scripts/SpeakerHighlight.cs
  artifactKey: Guid(a9f577666b6f2436a9db46a45ac04e8e) Importer(815301076,1909f56bfc062723c751e8b465ee728b)
Start importing Assets/MediaPipeUnity/Samples/Common/Scripts/SpeakerHighlight.cs using Guid(a9f577666b6f2436a9db46a45ac04e8e) Importer(815301076,1909f56bfc062723c751e8b465ee728b) (PreviewImporter) -> (artifact id: '00000000000000000000000000000000') in 0.000302166 seconds
Import Error Code:(4)
Message: Build asset version error: assets/mediapipeunity/samples/common/scripts/speakerhighlight.cs in SourceAssetDB has modification time of '2026-09-16T03:48:34Z' while content on disk has modification time of '2026-09-16T03:48:43Z'
  ERROR: Build asset version error: assets/mediapipeunity/samples/common/scripts/speakerhighlight.cs in SourceAssetDB has modification time of '2026-09-16T03:48:34Z' while content on disk has modification time of '2026-09-16T03:48:43Z'
Number of updated asset objects reloaded before import = 0Number of asset objects unloaded after import = 0

========================================================================
Received Import Request.
  Time since last request: 0.200297 seconds.
  path: Assets/MediaPipeUnity/Samples/Common/Scripts/SpeakerHighlight.cs
  artifactKey: Guid(a9f577666b6f2436a9db46a45ac04e8e) Importer(815301076,1909f56bfc062723c751e8b465ee728b)
Start importing Assets/MediaPipeUnity/Samples/Common/Scripts/SpeakerHighlight.cs using Guid(a9f577666b6f2436a9db46a45ac04e8e) Importer(815301076,1909f56bfc062723c751e8b465ee728b) (PreviewImporter) -> (artifact id: '00000000000000000000000000000000') in 0.000272542 seconds
Import Error Code:(4)
Message: Build asset version error: assets/mediapipeunity/samples/common/scripts/speakerhighlight.cs in SourceAssetDB has modification time of '2026-09-16T03:48:34Z' while content on disk has modification time of '2026-09-16T03:48:43Z'
  ERROR: Build asset version error: assets/mediapipeunity/samples/common/scripts/speakerhighlight.cs in SourceAssetDB has modification time of '2026-09-16T03:48:34Z' while content on disk has modification time of '2026-09-16T03:48:43Z'
Number of updated asset objects reloaded before import = 0Number of asset objects unloaded after import = 0

========================================================================
Received Import Request.
  Time since last request: 0.100839 seconds.
  path: Assets/MediaPipeUnity/Samples/Common/Scripts/SpeakerHighlight.cs
  artifactKey: Guid(a9f577666b6f2436a9db46a45ac04e8e) Importer(815301076,1909f56bfc062723c751e8b465ee728b)
Start importing Assets/MediaPipeUnity/Samples/Common/Scripts/SpeakerHighlight.cs using Guid(a9f577666b6f2436a9db46a45ac04e8e) Importer(815301076,1909f56bfc062723c751e8b465ee728b) (PreviewImporter) -> (artifact id: '00000000000000000000000000000000') in 0.000474875 seconds
Import Error Code:(4)
Message: Build asset version error: assets/mediapipeunity/samples/common/scripts/speakerhighlight.cs in SourceAssetDB has modification time of '2026-09-16T03:48:34Z' while content on disk has modification time of '2026-09-16T03:48:43Z'
  ERROR: Build asset version error: assets/mediapipeunity/samples/common/scripts/speakerhighlight.cs in SourceAssetDB has modification time of '2026-09-16T03:48:34Z' while content on disk has modification time of '2026-09-16T03:48:43Z'
Number of updated asset objects reloaded before import = 0Number of asset objects unloaded after import = 0

========================================================================
Received Import Request.
  Time since last request: 0.197044 seconds.
  path: Assets/MediaPipeUnity/Samples/Common/Scripts/SpeakerHighlight.cs
  artifactKey: Guid(a9f577666b6f2436a9db46a45ac04e8e) Importer(815301076,1909f56bfc062723c751e8b465ee728b)
Start importing Assets/MediaPipeUnity/Samples/Common/Scripts/SpeakerHighlight.cs using Guid(a9f577666b6f2436a9db46a45ac04e8e) Importer(815301076,1909f56bfc062723c751e8b465ee728b) (PreviewImporter) -> (artifact id: '00000000000000000000000000000000') in 0.000297958 seconds
Import Error Code:(4)
Message: Build asset version error: assets/mediapipeunity/samples/common/scripts/speakerhighlight.cs in SourceAssetDB has modification time of '2026-09-16T03:48:34Z' while content on disk has modification time of '2026-09-16T03:48:43Z'
  ERROR: Build asset version error: assets/mediapipeunity/samples/common/scripts/speakerhighlight.cs in SourceAssetDB has modification time of '2026-09-16T03:48:34Z' while content on disk has modification time of '2026-09-16T03:48:43Z'
Number of updated asset objects reloaded before import = 0Number of asset objects unloaded after import = 0

========================================================================
Received Import Request.
  Time since last request: 0.097664 seconds.
  path: Assets/MediaPipeUnity/Samples/Common/Scripts/SpeakerHighlight.cs
  artifactKey: Guid(a9f577666b6f2436a9db46a45ac04e8e) Importer(815301076,1909f56bfc062723c751e8b465ee728b)
Start importing Assets/MediaPipeUnity/Samples/Common/Scripts/SpeakerHighlight.cs using Guid(a9f577666b6f2436a9db46a45ac04e8e) Importer(815301076,1909f56bfc062723c751e8b465ee728b) (PreviewImporter) -> (artifact id: '00000000000000000000000000000000') in 0.000402 seconds
Import Error Code:(4)
Message: Build asset version error: assets/mediapipeunity/samples/common/scripts/speakerhighlight.cs in SourceAssetDB has modification time of '2026-09-16T03:48:34Z' while content on disk has modification time of '2026-09-16T03:48:43Z'
  ERROR: Build asset version error: assets/mediapipeunity/samples/common/scripts/speakerhighlight.cs in SourceAssetDB has modification time of '2026-09-16T03:48:34Z' while content on disk has modification time of '2026-09-16T03:48:43Z'
Number of updated asset objects reloaded before import = 0Number of asset objects unloaded after import = 0

========================================================================
Received Import Request.
  Time since last request: 0.203614 seconds.
  path: Assets/MediaPipeUnity/Samples/Common/Scripts/SpeakerHighlight.cs
  artifactKey: Guid(a9f577666b6f2436a9db46a45ac04e8e) Importer(815301076,1909f56bfc062723c751e8b465ee728b)
Start importing Assets/MediaPipeUnity/Samples/Common/Scripts/SpeakerHighlight.cs using Guid(a9f577666b6f2436a9db46a45ac04e8e) Importer(815301076,1909f56bfc062723c751e8b465ee728b) (PreviewImporter) -> (artifact id: '00000000000000000000000000000000') in 0.000298875 seconds
Import Error Code:(4)
Message: Build asset version error: assets/mediapipeunity/samples/common/scripts/speakerhighlight.cs in SourceAssetDB has modification time of '2026-09-16T03:48:34Z' while content on disk has modification time of '2026-09-16T03:48:43Z'
  ERROR: Build asset version error: assets/mediapipeunity/samples/common/scripts/speakerhighlight.cs in SourceAssetDB has modification time of '2026-09-16T03:48:34Z' while content on disk has modification time of '2026-09-16T03:48:43Z'
Number of updated asset objects reloaded before import = 0Number of asset objects unloaded after import = 0

========================================================================
Received Import Request.
  Time since last request: 0.198266 seconds.
  path: Assets/MediaPipeUnity/Samples/Common/Scripts/SpeakerHighlight.cs
  artifactKey: Guid(a9f577666b6f2436a9db46a45ac04e8e) Importer(815301076,1909f56bfc062723c751e8b465ee728b)
Start importing Assets/MediaPipeUnity/Samples/Common/Scripts/SpeakerHighlight.cs using Guid(a9f577666b6f2436a9db46a45ac04e8e) Importer(815301076,1909f56bfc062723c751e8b465ee728b) (PreviewImporter) -> (artifact id: '00000000000000000000000000000000') in 0.000440875 seconds
Import Error Code:(4)
Message: Build asset version error: assets/mediapipeunity/samples/common/scripts/speakerhighlight.cs in SourceAssetDB has modification time of '2026-09-16T03:48:34Z' while content on disk has modification time of '2026-09-16T03:48:43Z'
  ERROR: Build asset version error: assets/mediapipeunity/samples/common/scripts/speakerhighlight.cs in SourceAssetDB has modification time of '2026-09-16T03:48:34Z' while content on disk has modification time of '2026-09-16T03:48:43Z'
Number of updated asset objects reloaded before import = 0Number of asset objects unloaded after import = 0

========================================================================
Received Import Request.
  Time since last request: 0.199255 seconds.
  path: Assets/MediaPipeUnity/Samples/Common/Scripts/SpeakerHighlight.cs
  artifactKey: Guid(a9f577666b6f2436a9db46a45ac04e8e) Importer(815301076,1909f56bfc062723c751e8b465ee728b)
Start importing Assets/MediaPipeUnity/Samples/Common/Scripts/SpeakerHighlight.cs using Guid(a9f577666b6f2436a9db46a45ac04e8e) Importer(815301076,1909f56bfc062723c751e8b465ee728b) (PreviewImporter) -> (artifact id: '00000000000000000000000000000000') in 0.000416166 seconds
Import Error Code:(4)
Message: Build asset version error: assets/mediapipeunity/samples/common/scripts/speakerhighlight.cs in SourceAssetDB has modification time of '2026-09-16T03:48:34Z' while content on disk has modification time of '2026-09-16T03:48:43Z'
  ERROR: Build asset version error: assets/mediapipeunity/samples/common/scripts/speakerhighlight.cs in SourceAssetDB has modification time of '2026-09-16T03:48:34Z' while content on disk has modification time of '2026-09-16T03:48:43Z'
Number of updated asset objects reloaded before import = 0Number of asset objects unloaded after import = 0

========================================================================
Received Import Request.
  Time since last request: 0.199650 seconds.
  path: Assets/MediaPipeUnity/Samples/Common/Scripts/SpeakerHighlight.cs
  artifactKey: Guid(a9f577666b6f2436a9db46a45ac04e8e) Importer(815301076,1909f56bfc062723c751e8b465ee728b)
Start importing Assets/MediaPipeUnity/Samples/Common/Scripts/SpeakerHighlight.cs using Guid(a9f577666b6f2436a9db46a45ac04e8e) Importer(815301076,1909f56bfc062723c751e8b465ee728b) (PreviewImporter) -> (artifact id: '00000000000000000000000000000000') in 0.000693458 seconds
Import Error Code:(4)
Message: Build asset version error: assets/mediapipeunity/samples/common/scripts/speakerhighlight.cs in SourceAssetDB has modification time of '2026-09-16T03:48:34Z' while content on disk has modification time of '2026-09-16T03:48:45Z'
  ERROR: Build asset version error: assets/mediapipeunity/samples/common/scripts/speakerhighlight.cs in SourceAssetDB has modification time of '2026-09-16T03:48:34Z' while content on disk has modification time of '2026-09-16T03:48:45Z'
Number of updated asset objects reloaded before import = 0Number of asset objects unloaded after import = 0

========================================================================
Received Import Request.
  Time since last request: 0.198627 seconds.
  path: Assets/MediaPipeUnity/Samples/Common/Scripts/SpeakerHighlight.cs
  artifactKey: Guid(a9f577666b6f2436a9db46a45ac04e8e) Importer(815301076,1909f56bfc062723c751e8b465ee728b)
Start importing Assets/MediaPipeUnity/Samples/Common/Scripts/SpeakerHighlight.cs using Guid(a9f577666b6f2436a9db46a45ac04e8e) Importer(815301076,1909f56bfc062723c751e8b465ee728b) (PreviewImporter) -> (artifact id: '00000000000000000000000000000000') in 0.000417375 seconds
Import Error Code:(4)
Message: Build asset version error: assets/mediapipeunity/samples/common/scripts/speakerhighlight.cs in SourceAssetDB has modification time of '2026-09-16T03:48:34Z' while content on disk has modification time of '2026-09-16T03:48:45Z'
  ERROR: Build asset version error: assets/mediapipeunity/samples/common/scripts/speakerhighlight.cs in SourceAssetDB has modification time of '2026-09-16T03:48:34Z' while content on disk has modification time of '2026-09-16T03:48:45Z'
Number of updated asset objects reloaded before import = 0Number of asset objects unloaded after import = 0

========================================================================
Received Import Request.
  Time since last request: 0.199407 seconds.
  path: Assets/MediaPipeUnity/Samples/Common/Scripts/SpeakerHighlight.cs
  artifactKey: Guid(a9f577666b6f2436a9db46a45ac04e8e) Importer(815301076,1909f56bfc062723c751e8b465ee728b)
Start importing Assets/MediaPipeUnity/Samples/Common/Scripts/SpeakerHighlight.cs using Guid(a9f577666b6f2436a9db46a45ac04e8e) Importer(815301076,1909f56bfc062723c751e8b465ee728b) (PreviewImporter) -> (artifact id: '00000000000000000000000000000000') in 0.000455875 seconds
Import Error Code:(4)
Message: Build asset version error: assets/mediapipeunity/samples/common/scripts/speakerhighlight.cs in SourceAssetDB has modification time of '2026-09-16T03:48:34Z' while content on disk has modification time of '2026-09-16T03:48:45Z'
  ERROR: Build asset version error: assets/mediapipeunity/samples/common/scripts/speakerhighlight.cs in SourceAssetDB has modification time of '2026-09-16T03:48:34Z' while content on disk has modification time of '2026-09-16T03:48:45Z'
Number of updated asset objects reloaded before import = 0Number of asset objects unloaded after import = 0

========================================================================
Received Import Request.
  Time since last request: 0.199022 seconds.
  path: Assets/MediaPipeUnity/Samples/Common/Scripts/SpeakerHighlight.cs
  artifactKey: Guid(a9f577666b6f2436a9db46a45ac04e8e) Importer(815301076,1909f56bfc062723c751e8b465ee728b)
Start importing Assets/MediaPipeUnity/Samples/Common/Scripts/SpeakerHighlight.cs using Guid(a9f577666b6f2436a9db46a45ac04e8e) Importer(815301076,1909f56bfc062723c751e8b465ee728b) (PreviewImporter) -> (artifact id: '00000000000000000000000000000000') in 0.000434625 seconds
Import Error Code:(4)
Message: Build asset version error: assets/mediapipeunity/samples/common/scripts/speakerhighlight.cs in SourceAssetDB has modification time of '2026-09-16T03:48:34Z' while content on disk has modification time of '2026-09-16T03:48:45Z'
  ERROR: Build asset version error: assets/mediapipeunity/samples/common/scripts/speakerhighlight.cs in SourceAssetDB has modification time of '2026-09-16T03:48:34Z' while content on disk has modification time of '2026-09-16T03:48:45Z'
Number of updated asset objects reloaded before import = 0Number of asset objects unloaded after import = 0

========================================================================
Received Import Request.
  Time since last request: 0.192986 seconds.
  path: Assets/MediaPipeUnity/Samples/Common/Scripts/SpeakerHighlight.cs
  artifactKey: Guid(a9f577666b6f2436a9db46a45ac04e8e) Importer(815301076,1909f56bfc062723c751e8b465ee728b)
Start importing Assets/MediaPipeUnity/Samples/Common/Scripts/SpeakerHighlight.cs using Guid(a9f577666b6f2436a9db46a45ac04e8e) Importer(815301076,1909f56bfc062723c751e8b465ee728b) (PreviewImporter) -> (artifact id: '00000000000000000000000000000000') in 0.000425459 seconds
Import Error Code:(4)
Message: Build asset version error: assets/mediapipeunity/samples/common/scripts/speakerhighlight.cs in SourceAssetDB has modification time of '2026-09-16T03:48:34Z' while content on disk has modification time of '2026-09-16T03:48:45Z'
  ERROR: Build asset version error: assets/mediapipeunity/samples/common/scripts/speakerhighlight.cs in SourceAssetDB has modification time of '2026-09-16T03:48:34Z' while content on disk has modification time of '2026-09-16T03:48:45Z'
Number of updated asset objects reloaded before import = 0Number of asset objects unloaded after import = 0

========================================================================
Received Import Request.
  Time since last request: 0.927026 seconds.
  path: Assets/MediaPipeUnity/Samples/Common/Scripts/SpeakerHighlight.cs
  artifactKey: Guid(a9f577666b6f2436a9db46a45ac04e8e) Importer(815301076,1909f56bfc062723c751e8b465ee728b)
Start importing Assets/MediaPipeUnity/Samples/Common/Scripts/SpeakerHighlight.cs using Guid(a9f577666b6f2436a9db46a45ac04e8e) Importer(815301076,1909f56bfc062723c751e8b465ee728b) (PreviewImporter) -> (artifact id: '00000000000000000000000000000000') in 0.000840333 seconds
Import Error Code:(4)
Message: Build asset version error: assets/mediapipeunity/samples/common/scripts/speakerhighlight.cs in SourceAssetDB has modification time of '2026-09-16T03:48:34Z' while content on disk has modification time of '2026-09-16T03:48:45Z'
  ERROR: Build asset version error: assets/mediapipeunity/samples/common/scripts/speakerhighlight.cs in SourceAssetDB has modification time of '2026-09-16T03:48:34Z' while content on disk has modification time of '2026-09-16T03:48:45Z'
Number of updated asset objects reloaded before import = 0Number of asset objects unloaded after import = 0

========================================================================
Received Import Request.
  Time since last request: 0.069618 seconds.
  path: Assets/MediaPipeUnity/Samples/Common/Scripts/SpeakerHighlight.cs
  artifactKey: Guid(a9f577666b6f2436a9db46a45ac04e8e) Importer(815301076,1909f56bfc062723c751e8b465ee728b)
Start importing Assets/MediaPipeUnity/Samples/Common/Scripts/SpeakerHighlight.cs using Guid(a9f577666b6f2436a9db46a45ac04e8e) Importer(815301076,1909f56bfc062723c751e8b465ee728b) (PreviewImporter) -> (artifact id: '00000000000000000000000000000000') in 0.000425083 seconds
Import Error Code:(4)
Message: Build asset version error: assets/mediapipeunity/samples/common/scripts/speakerhighlight.cs in SourceAssetDB has modification time of '2026-09-16T03:48:34Z' while content on disk has modification time of '2026-09-16T03:48:45Z'
  ERROR: Build asset version error: assets/mediapipeunity/samples/common/scripts/speakerhighlight.cs in SourceAssetDB has modification time of '2026-09-16T03:48:34Z' while content on disk has modification time of '2026-09-16T03:48:45Z'
Number of updated asset objects reloaded before import = 0Number of asset objects unloaded after import = 0

========================================================================
Received Import Request.
  Time since last request: 0.098161 seconds.
  path: Assets/MediaPipeUnity/Samples/Common/Scripts/SpeakerHighlight.cs
  artifactKey: Guid(a9f577666b6f2436a9db46a45ac04e8e) Importer(815301076,1909f56bfc062723c751e8b465ee728b)
Start importing Assets/MediaPipeUnity/Samples/Common/Scripts/SpeakerHighlight.cs using Guid(a9f577666b6f2436a9db46a45ac04e8e) Importer(815301076,1909f56bfc062723c751e8b465ee728b) (PreviewImporter) -> (artifact id: '00000000000000000000000000000000') in 0.000391542 seconds
Import Error Code:(4)
Message: Build asset version error: assets/mediapipeunity/samples/common/scripts/speakerhighlight.cs in SourceAssetDB has modification time of '2026-09-16T03:48:34Z' while content on disk has modification time of '2026-09-16T03:48:45Z'
  ERROR: Build asset version error: assets/mediapipeunity/samples/common/scripts/speakerhighlight.cs in SourceAssetDB has modification time of '2026-09-16T03:48:34Z' while content on disk has modification time of '2026-09-16T03:48:45Z'
Number of updated asset objects reloaded before import = 0Number of asset objects unloaded after import = 0

========================================================================
Received Import Request.
  Time since last request: 0.098026 seconds.
  path: Assets/MediaPipeUnity/Samples/Common/Scripts/SpeakerHighlight.cs
  artifactKey: Guid(a9f577666b6f2436a9db46a45ac04e8e) Importer(815301076,1909f56bfc062723c751e8b465ee728b)
Start importing Assets/MediaPipeUnity/Samples/Common/Scripts/SpeakerHighlight.cs using Guid(a9f577666b6f2436a9db46a45ac04e8e) Importer(815301076,1909f56bfc062723c751e8b465ee728b) (PreviewImporter) -> (artifact id: '00000000000000000000000000000000') in 0.000323875 seconds
Import Error Code:(4)
Message: Build asset version error: assets/mediapipeunity/samples/common/scripts/speakerhighlight.cs in SourceAssetDB has modification time of '2026-09-16T03:48:34Z' while content on disk has modification time of '2026-09-16T03:48:45Z'
  ERROR: Build asset version error: assets/mediapipeunity/samples/common/scripts/speakerhighlight.cs in SourceAssetDB has modification time of '2026-09-16T03:48:34Z' while content on disk has modification time of '2026-09-16T03:48:45Z'
Number of updated asset objects reloaded before import = 0Number of asset objects unloaded after import = 0

========================================================================
Received Import Request.
  Time since last request: 0.198914 seconds.
  path: Assets/MediaPipeUnity/Samples/Common/Scripts/SpeakerHighlight.cs
  artifactKey: Guid(a9f577666b6f2436a9db46a45ac04e8e) Importer(815301076,1909f56bfc062723c751e8b465ee728b)
Start importing Assets/MediaPipeUnity/Samples/Common/Scripts/SpeakerHighlight.cs using Guid(a9f577666b6f2436a9db46a45ac04e8e) Importer(815301076,1909f56bfc062723c751e8b465ee728b) (PreviewImporter) -> (artifact id: '00000000000000000000000000000000') in 0.000328167 seconds
Import Error Code:(4)
Message: Build asset version error: assets/mediapipeunity/samples/common/scripts/speakerhighlight.cs in SourceAssetDB has modification time of '2026-09-16T03:48:34Z' while content on disk has modification time of '2026-09-16T03:48:45Z'
  ERROR: Build asset version error: assets/mediapipeunity/samples/common/scripts/speakerhighlight.cs in SourceAssetDB has modification time of '2026-09-16T03:48:34Z' while content on disk has modification time of '2026-09-16T03:48:45Z'
Number of updated asset objects reloaded before import = 0Number of asset objects unloaded after import = 0

========================================================================
Received Import Request.
  Time since last request: 0.100052 seconds.
  path: Assets/MediaPipeUnity/Samples/Common/Scripts/SpeakerHighlight.cs
  artifactKey: Guid(a9f577666b6f2436a9db46a45ac04e8e) Importer(815301076,1909f56bfc062723c751e8b465ee728b)
Start importing Assets/MediaPipeUnity/Samples/Common/Scripts/SpeakerHighlight.cs using Guid(a9f577666b6f2436a9db46a45ac04e8e) Importer(815301076,1909f56bfc062723c751e8b465ee728b) (PreviewImporter) -> (artifact id: '00000000000000000000000000000000') in 0.000313958 seconds
Import Error Code:(4)
Message: Build asset version error: assets/mediapipeunity/samples/common/scripts/speakerhighlight.cs in SourceAssetDB has modification time of '2026-09-16T03:48:34Z' while content on disk has modification time of '2026-09-16T03:48:45Z'
  ERROR: Build asset version error: assets/mediapipeunity/samples/common/scripts/speakerhighlight.cs in SourceAssetDB has modification time of '2026-09-16T03:48:34Z' while content on disk has modification time of '2026-09-16T03:48:45Z'
Number of updated asset objects reloaded before import = 0Number of asset objects unloaded after import = 0

========================================================================
Received Import Request.
  Time since last request: 0.198624 seconds.
  path: Assets/MediaPipeUnity/Samples/Common/Scripts/SpeakerHighlight.cs
  artifactKey: Guid(a9f577666b6f2436a9db46a45ac04e8e) Importer(815301076,1909f56bfc062723c751e8b465ee728b)
Start importing Assets/MediaPipeUnity/Samples/Common/Scripts/SpeakerHighlight.cs using Guid(a9f577666b6f2436a9db46a45ac04e8e) Importer(815301076,1909f56bfc062723c751e8b465ee728b) (PreviewImporter) -> (artifact id: '00000000000000000000000000000000') in 0.0003115 seconds
Import Error Code:(4)
Message: Build asset version error: assets/mediapipeunity/samples/common/scripts/speakerhighlight.cs in SourceAssetDB has modification time of '2026-09-16T03:48:34Z' while content on disk has modification time of '2026-09-16T03:48:45Z'
  ERROR: Build asset version error: assets/mediapipeunity/samples/common/scripts/speakerhighlight.cs in SourceAssetDB has modification time of '2026-09-16T03:48:34Z' while content on disk has modification time of '2026-09-16T03:48:45Z'
Number of updated asset objects reloaded before import = 0Number of asset objects unloaded after import = 0

========================================================================
Received Import Request.
  Time since last request: 0.199306 seconds.
  path: Assets/MediaPipeUnity/Samples/Common/Scripts/SpeakerHighlight.cs
  artifactKey: Guid(a9f577666b6f2436a9db46a45ac04e8e) Importer(815301076,1909f56bfc062723c751e8b465ee728b)
Start importing Assets/MediaPipeUnity/Samples/Common/Scripts/SpeakerHighlight.cs using Guid(a9f577666b6f2436a9db46a45ac04e8e) Importer(815301076,1909f56bfc062723c751e8b465ee728b) (PreviewImporter) -> (artifact id: '00000000000000000000000000000000') in 0.000291583 seconds
Import Error Code:(4)
Message: Build asset version error: assets/mediapipeunity/samples/common/scripts/speakerhighlight.cs in SourceAssetDB has modification time of '2026-09-16T03:48:34Z' while content on disk has modification time of '2026-09-16T03:48:45Z'
  ERROR: Build asset version error: assets/mediapipeunity/samples/common/scripts/speakerhighlight.cs in SourceAssetDB has modification time of '2026-09-16T03:48:34Z' while content on disk has modification time of '2026-09-16T03:48:45Z'
Number of updated asset objects reloaded before import = 0Number of asset objects unloaded after import = 0

========================================================================
Received Import Request.
  Time since last request: 0.202372 seconds.
  path: Assets/MediaPipeUnity/Samples/Common/Scripts/SpeakerHighlight.cs
  artifactKey: Guid(a9f577666b6f2436a9db46a45ac04e8e) Importer(815301076,1909f56bfc062723c751e8b465ee728b)
Start importing Assets/MediaPipeUnity/Samples/Common/Scripts/SpeakerHighlight.cs using Guid(a9f577666b6f2436a9db46a45ac04e8e) Importer(815301076,1909f56bfc062723c751e8b465ee728b) (PreviewImporter) -> (artifact id: '00000000000000000000000000000000') in 0.000530708 seconds
Import Error Code:(4)
Message: Build asset version error: assets/mediapipeunity/samples/common/scripts/speakerhighlight.cs in SourceAssetDB has modification time of '2026-09-16T03:48:34Z' while content on disk has modification time of '2026-09-16T03:48:45Z'
  ERROR: Build asset version error: assets/mediapipeunity/samples/common/scripts/speakerhighlight.cs in SourceAssetDB has modification time of '2026-09-16T03:48:34Z' while content on disk has modification time of '2026-09-16T03:48:45Z'
Number of updated asset objects reloaded before import = 0Number of asset objects unloaded after import = 0

========================================================================
Received Import Request.
  Time since last request: 0.196533 seconds.
  path: Assets/MediaPipeUnity/Samples/Common/Scripts/SpeakerHighlight.cs
  artifactKey: Guid(a9f577666b6f2436a9db46a45ac04e8e) Importer(815301076,1909f56bfc062723c751e8b465ee728b)
Start importing Assets/MediaPipeUnity/Samples/Common/Scripts/SpeakerHighlight.cs using Guid(a9f577666b6f2436a9db46a45ac04e8e) Importer(815301076,1909f56bfc062723c751e8b465ee728b) (PreviewImporter) -> (artifact id: '00000000000000000000000000000000') in 0.000448084 seconds
Import Error Code:(4)
Message: Build asset version error: assets/mediapipeunity/samples/common/scripts/speakerhighlight.cs in SourceAssetDB has modification time of '2026-09-16T03:48:34Z' while content on disk has modification time of '2026-09-16T03:48:45Z'
  ERROR: Build asset version error: assets/mediapipeunity/samples/common/scripts/speakerhighlight.cs in SourceAssetDB has modification time of '2026-09-16T03:48:34Z' while content on disk has modification time of '2026-09-16T03:48:45Z'
Number of updated asset objects reloaded before import = 0Number of asset objects unloaded after import = 0

========================================================================
Received Import Request.
  Time since last request: 0.097626 seconds.
  path: Assets/MediaPipeUnity/Samples/Common/Scripts/SpeakerHighlight.cs
  artifactKey: Guid(a9f577666b6f2436a9db46a45ac04e8e) Importer(815301076,1909f56bfc062723c751e8b465ee728b)
Start importing Assets/MediaPipeUnity/Samples/Common/Scripts/SpeakerHighlight.cs using Guid(a9f577666b6f2436a9db46a45ac04e8e) Importer(815301076,1909f56bfc062723c751e8b465ee728b) (PreviewImporter) -> (artifact id: '00000000000000000000000000000000') in 0.000500084 seconds
Import Error Code:(4)
Message: Build asset version error: assets/mediapipeunity/samples/common/scripts/speakerhighlight.cs in SourceAssetDB has modification time of '2026-09-16T03:48:34Z' while content on disk has modification time of '2026-09-16T03:48:45Z'
  ERROR: Build asset version error: assets/mediapipeunity/samples/common/scripts/speakerhighlight.cs in SourceAssetDB has modification time of '2026-09-16T03:48:34Z' while content on disk has modification time of '2026-09-16T03:48:45Z'
Number of updated asset objects reloaded before import = 0Number of asset objects unloaded after import = 0

========================================================================
Received Import Request.
  Time since last request: 0.199269 seconds.
  path: Assets/MediaPipeUnity/Samples/Common/Scripts/SpeakerHighlight.cs
  artifactKey: Guid(a9f577666b6f2436a9db46a45ac04e8e) Importer(815301076,1909f56bfc062723c751e8b465ee728b)
Start importing Assets/MediaPipeUnity/Samples/Common/Scripts/SpeakerHighlight.cs using Guid(a9f577666b6f2436a9db46a45ac04e8e) Importer(815301076,1909f56bfc062723c751e8b465ee728b) (PreviewImporter) -> (artifact id: '00000000000000000000000000000000') in 0.00042725 seconds
Import Error Code:(4)
Message: Build asset version error: assets/mediapipeunity/samples/common/scripts/speakerhighlight.cs in SourceAssetDB has modification time of '2026-09-16T03:48:34Z' while content on disk has modification time of '2026-09-16T03:48:45Z'
  ERROR: Build asset version error: assets/mediapipeunity/samples/common/scripts/speakerhighlight.cs in SourceAssetDB has modification time of '2026-09-16T03:48:34Z' while content on disk has modification time of '2026-09-16T03:48:45Z'
Number of updated asset objects reloaded before import = 0Number of asset objects unloaded after import = 0

========================================================================
Received Import Request.
  Time since last request: 0.098478 seconds.
  path: Assets/MediaPipeUnity/Samples/Common/Scripts/SpeakerHighlight.cs
  artifactKey: Guid(a9f577666b6f2436a9db46a45ac04e8e) Importer(815301076,1909f56bfc062723c751e8b465ee728b)
Start importing Assets/MediaPipeUnity/Samples/Common/Scripts/SpeakerHighlight.cs using Guid(a9f577666b6f2436a9db46a45ac04e8e) Importer(815301076,1909f56bfc062723c751e8b465ee728b) (PreviewImporter) -> (artifact id: '00000000000000000000000000000000') in 0.000357458 seconds
Import Error Code:(4)
Message: Build asset version error: assets/mediapipeunity/samples/common/scripts/speakerhighlight.cs in SourceAssetDB has modification time of '2026-09-16T03:48:34Z' while content on disk has modification time of '2026-09-16T03:48:45Z'
  ERROR: Build asset version error: assets/mediapipeunity/samples/common/scripts/speakerhighlight.cs in SourceAssetDB has modification time of '2026-09-16T03:48:34Z' while content on disk has modification time of '2026-09-16T03:48:45Z'
Number of updated asset objects reloaded before import = 0Number of asset objects unloaded after import = 0

========================================================================
Received Import Request.
  Time since last request: 0.198585 seconds.
  path: Assets/MediaPipeUnity/Samples/Common/Scripts/SpeakerHighlight.cs
  artifactKey: Guid(a9f577666b6f2436a9db46a45ac04e8e) Importer(815301076,1909f56bfc062723c751e8b465ee728b)
Start importing Assets/MediaPipeUnity/Samples/Common/Scripts/SpeakerHighlight.cs using Guid(a9f577666b6f2436a9db46a45ac04e8e) Importer(815301076,1909f56bfc062723c751e8b465ee728b) (PreviewImporter) -> (artifact id: '00000000000000000000000000000000') in 0.009971958 seconds
Import Error Code:(4)
Message: Build asset version error: assets/mediapipeunity/samples/common/scripts/speakerhighlight.cs in SourceAssetDB has modification time of '2026-09-16T03:48:34Z' while content on disk has modification time of '2026-09-16T03:48:45Z'
  ERROR: Build asset version error: assets/mediapipeunity/samples/common/scripts/speakerhighlight.cs in SourceAssetDB has modification time of '2026-09-16T03:48:34Z' while content on disk has modification time of '2026-09-16T03:48:45Z'
Number of updated asset objects reloaded before import = 0Number of asset objects unloaded after import = 0

========================================================================
Received Import Request.
  Time since last request: 0.089605 seconds.
  path: Assets/MediaPipeUnity/Samples/Common/Scripts/SpeakerHighlight.cs
  artifactKey: Guid(a9f577666b6f2436a9db46a45ac04e8e) Importer(815301076,1909f56bfc062723c751e8b465ee728b)
Start importing Assets/MediaPipeUnity/Samples/Common/Scripts/SpeakerHighlight.cs using Guid(a9f577666b6f2436a9db46a45ac04e8e) Importer(815301076,1909f56bfc062723c751e8b465ee728b) (PreviewImporter) -> (artifact id: '00000000000000000000000000000000') in 0.00032875 seconds
Import Error Code:(4)
Message: Build asset version error: assets/mediapipeunity/samples/common/scripts/speakerhighlight.cs in SourceAssetDB has modification time of '2026-09-16T03:48:34Z' while content on disk has modification time of '2026-09-16T03:48:45Z'
  ERROR: Build asset version error: assets/mediapipeunity/samples/common/scripts/speakerhighlight.cs in SourceAssetDB has modification time of '2026-09-16T03:48:34Z' while content on disk has modification time of '2026-09-16T03:48:45Z'
Number of updated asset objects reloaded before import = 0Number of asset objects unloaded after import = 0

========================================================================
Received Import Request.
  Time since last request: 0.201012 seconds.
  path: Assets/MediaPipeUnity/Samples/Common/Scripts/SpeakerHighlight.cs
  artifactKey: Guid(a9f577666b6f2436a9db46a45ac04e8e) Importer(815301076,1909f56bfc062723c751e8b465ee728b)
Start importing Assets/MediaPipeUnity/Samples/Common/Scripts/SpeakerHighlight.cs using Guid(a9f577666b6f2436a9db46a45ac04e8e) Importer(815301076,1909f56bfc062723c751e8b465ee728b) (PreviewImporter) -> (artifact id: '00000000000000000000000000000000') in 0.00042825 seconds
Import Error Code:(4)
Message: Build asset version error: assets/mediapipeunity/samples/common/scripts/speakerhighlight.cs in SourceAssetDB has modification time of '2026-09-16T03:48:34Z' while content on disk has modification time of '2026-09-16T03:48:45Z'
  ERROR: Build asset version error: assets/mediapipeunity/samples/common/scripts/speakerhighlight.cs in SourceAssetDB has modification time of '2026-09-16T03:48:34Z' while content on disk has modification time of '2026-09-16T03:48:45Z'
Number of updated asset objects reloaded before import = 0Number of asset objects unloaded after import = 0

========================================================================
Received Import Request.
  Time since last request: 0.097710 seconds.
  path: Assets/MediaPipeUnity/Samples/Common/Scripts/SpeakerHighlight.cs
  artifactKey: Guid(a9f577666b6f2436a9db46a45ac04e8e) Importer(815301076,1909f56bfc062723c751e8b465ee728b)
Start importing Assets/MediaPipeUnity/Samples/Common/Scripts/SpeakerHighlight.cs using Guid(a9f577666b6f2436a9db46a45ac04e8e) Importer(815301076,1909f56bfc062723c751e8b465ee728b) (PreviewImporter) -> (artifact id: '00000000000000000000000000000000') in 0.000451375 seconds
Import Error Code:(4)
Message: Build asset version error: assets/mediapipeunity/samples/common/scripts/speakerhighlight.cs in SourceAssetDB has modification time of '2026-09-16T03:48:34Z' while content on disk has modification time of '2026-09-16T03:48:45Z'
  ERROR: Build asset version error: assets/mediapipeunity/samples/common/scripts/speakerhighlight.cs in SourceAssetDB has modification time of '2026-09-16T03:48:34Z' while content on disk has modification time of '2026-09-16T03:48:45Z'
Number of updated asset objects reloaded before import = 0Number of asset objects unloaded after import = 0

========================================================================
Received Import Request.
  Time since last request: 0.099145 seconds.
  path: Assets/MediaPipeUnity/Samples/Common/Scripts/SpeakerHighlight.cs
  artifactKey: Guid(a9f577666b6f2436a9db46a45ac04e8e) Importer(815301076,1909f56bfc062723c751e8b465ee728b)
Start importing Assets/MediaPipeUnity/Samples/Common/Scripts/SpeakerHighlight.cs using Guid(a9f577666b6f2436a9db46a45ac04e8e) Importer(815301076,1909f56bfc062723c751e8b465ee728b) (PreviewImporter) -> (artifact id: '00000000000000000000000000000000') in 0.000526792 seconds
Import Error Code:(4)
Message: Build asset version error: assets/mediapipeunity/samples/common/scripts/speakerhighlight.cs in SourceAssetDB has modification time of '2026-09-16T03:48:34Z' while content on disk has modification time of '2026-09-16T03:48:45Z'
  ERROR: Build asset version error: assets/mediapipeunity/samples/common/scripts/speakerhighlight.cs in SourceAssetDB has modification time of '2026-09-16T03:48:34Z' while content on disk has modification time of '2026-09-16T03:48:45Z'
Number of updated asset objects reloaded before import = 0Number of asset objects unloaded after import = 0

========================================================================
Received Import Request.
  Time since last request: 0.197734 seconds.
  path: Assets/MediaPipeUnity/Samples/Common/Scripts/SpeakerHighlight.cs
  artifactKey: Guid(a9f577666b6f2436a9db46a45ac04e8e) Importer(815301076,1909f56bfc062723c751e8b465ee728b)
Start importing Assets/MediaPipeUnity/Samples/Common/Scripts/SpeakerHighlight.cs using Guid(a9f577666b6f2436a9db46a45ac04e8e) Importer(815301076,1909f56bfc062723c751e8b465ee728b) (PreviewImporter) -> (artifact id: '00000000000000000000000000000000') in 0.000449833 seconds
Import Error Code:(4)
Message: Build asset version error: assets/mediapipeunity/samples/common/scripts/speakerhighlight.cs in SourceAssetDB has modification time of '2026-09-16T03:48:34Z' while content on disk has modification time of '2026-09-16T03:48:45Z'
  ERROR: Build asset version error: assets/mediapipeunity/samples/common/scripts/speakerhighlight.cs in SourceAssetDB has modification time of '2026-09-16T03:48:34Z' while content on disk has modification time of '2026-09-16T03:48:45Z'
Number of updated asset objects reloaded before import = 0Number of asset objects unloaded after import = 0

========================================================================
Received Import Request.
  Time since last request: 0.099070 seconds.
  path: Assets/MediaPipeUnity/Samples/Common/Scripts/SpeakerHighlight.cs
  artifactKey: Guid(a9f577666b6f2436a9db46a45ac04e8e) Importer(815301076,1909f56bfc062723c751e8b465ee728b)
Start importing Assets/MediaPipeUnity/Samples/Common/Scripts/SpeakerHighlight.cs using Guid(a9f577666b6f2436a9db46a45ac04e8e) Importer(815301076,1909f56bfc062723c751e8b465ee728b) (PreviewImporter) -> (artifact id: '00000000000000000000000000000000') in 0.00040975 seconds
Import Error Code:(4)
Message: Build asset version error: assets/mediapipeunity/samples/common/scripts/speakerhighlight.cs in SourceAssetDB has modification time of '2026-09-16T03:48:34Z' while content on disk has modification time of '2026-09-16T03:48:45Z'
  ERROR: Build asset version error: assets/mediapipeunity/samples/common/scripts/speakerhighlight.cs in SourceAssetDB has modification time of '2026-09-16T03:48:34Z' while content on disk has modification time of '2026-09-16T03:48:45Z'
Number of updated asset objects reloaded before import = 0Number of asset objects unloaded after import = 0

========================================================================
Received Import Request.
  Time since last request: 0.201459 seconds.
  path: Assets/MediaPipeUnity/Samples/Common/Scripts/SpeakerHighlight.cs
  artifactKey: Guid(a9f577666b6f2436a9db46a45ac04e8e) Importer(815301076,1909f56bfc062723c751e8b465ee728b)
Start importing Assets/MediaPipeUnity/Samples/Common/Scripts/SpeakerHighlight.cs using Guid(a9f577666b6f2436a9db46a45ac04e8e) Importer(815301076,1909f56bfc062723c751e8b465ee728b) (PreviewImporter) -> (artifact id: '00000000000000000000000000000000') in 0.000597584 seconds
Import Error Code:(4)
Message: Build asset version error: assets/mediapipeunity/samples/common/scripts/speakerhighlight.cs in SourceAssetDB has modification time of '2026-09-16T03:48:34Z' while content on disk has modification time of '2026-09-16T03:48:45Z'
  ERROR: Build asset version error: assets/mediapipeunity/samples/common/scripts/speakerhighlight.cs in SourceAssetDB has modification time of '2026-09-16T03:48:34Z' while content on disk has modification time of '2026-09-16T03:48:45Z'
Number of updated asset objects reloaded before import = 0Number of asset objects unloaded after import = 0

========================================================================
Received Import Request.
  Time since last request: 0.198303 seconds.
  path: Assets/MediaPipeUnity/Samples/Common/Scripts/SpeakerHighlight.cs
  artifactKey: Guid(a9f577666b6f2436a9db46a45ac04e8e) Importer(815301076,1909f56bfc062723c751e8b465ee728b)
Start importing Assets/MediaPipeUnity/Samples/Common/Scripts/SpeakerHighlight.cs using Guid(a9f577666b6f2436a9db46a45ac04e8e) Importer(815301076,1909f56bfc062723c751e8b465ee728b) (PreviewImporter) -> (artifact id: '00000000000000000000000000000000') in 0.000348833 seconds
Import Error Code:(4)
Message: Build asset version error: assets/mediapipeunity/samples/common/scripts/speakerhighlight.cs in SourceAssetDB has modification time of '2026-09-16T03:48:34Z' while content on disk has modification time of '2026-09-16T03:48:45Z'
  ERROR: Build asset version error: assets/mediapipeunity/samples/common/scripts/speakerhighlight.cs in SourceAssetDB has modification time of '2026-09-16T03:48:34Z' while content on disk has modification time of '2026-09-16T03:48:45Z'
Number of updated asset objects reloaded before import = 0Number of asset objects unloaded after import = 0

========================================================================
Received Import Request.
  Time since last request: 0.138377 seconds.
  path: Assets/MediaPipeUnity/Samples/Common/Scripts/SpeakerHighlight.cs
  artifactKey: Guid(a9f577666b6f2436a9db46a45ac04e8e) Importer(815301076,1909f56bfc062723c751e8b465ee728b)
Start importing Assets/MediaPipeUnity/Samples/Common/Scripts/SpeakerHighlight.cs using Guid(a9f577666b6f2436a9db46a45ac04e8e) Importer(815301076,1909f56bfc062723c751e8b465ee728b) (PreviewImporter) -> (artifact id: '00000000000000000000000000000000') in 0.00038725 seconds
Import Error Code:(4)
Message: Build asset version error: assets/mediapipeunity/samples/common/scripts/speakerhighlight.cs in SourceAssetDB has modification time of '2026-09-16T03:48:34Z' while content on disk has modification time of '2026-09-16T03:48:45Z'
  ERROR: Build asset version error: assets/mediapipeunity/samples/common/scripts/speakerhighlight.cs in SourceAssetDB has modification time of '2026-09-16T03:48:34Z' while content on disk has modification time of '2026-09-16T03:48:45Z'
Number of updated asset objects reloaded before import = 0Number of asset objects unloaded after import = 0

========================================================================
Received Import Request.
  Time since last request: 0.156755 seconds.
  path: Assets/MediaPipeUnity/Samples/Common/Scripts/SpeakerHighlight.cs
  artifactKey: Guid(a9f577666b6f2436a9db46a45ac04e8e) Importer(815301076,1909f56bfc062723c751e8b465ee728b)
Start importing Assets/MediaPipeUnity/Samples/Common/Scripts/SpeakerHighlight.cs using Guid(a9f577666b6f2436a9db46a45ac04e8e) Importer(815301076,1909f56bfc062723c751e8b465ee728b) (PreviewImporter) -> (artifact id: '00000000000000000000000000000000') in 0.000425167 seconds
Import Error Code:(4)
Message: Build asset version error: assets/mediapipeunity/samples/common/scripts/speakerhighlight.cs in SourceAssetDB has modification time of '2026-09-16T03:48:34Z' while content on disk has modification time of '2026-09-16T03:48:45Z'
  ERROR: Build asset version error: assets/mediapipeunity/samples/common/scripts/speakerhighlight.cs in SourceAssetDB has modification time of '2026-09-16T03:48:34Z' while content on disk has modification time of '2026-09-16T03:48:45Z'
Number of updated asset objects reloaded before import = 0Number of asset objects unloaded after import = 0

========================================================================
Received Import Request.
  Time since last request: 0.203601 seconds.
  path: Assets/MediaPipeUnity/Samples/Common/Scripts/SpeakerHighlight.cs
  artifactKey: Guid(a9f577666b6f2436a9db46a45ac04e8e) Importer(815301076,1909f56bfc062723c751e8b465ee728b)
Start importing Assets/MediaPipeUnity/Samples/Common/Scripts/SpeakerHighlight.cs using Guid(a9f577666b6f2436a9db46a45ac04e8e) Importer(815301076,1909f56bfc062723c751e8b465ee728b) (PreviewImporter) -> (artifact id: '00000000000000000000000000000000') in 0.000381583 seconds
Import Error Code:(4)
Message: Build asset version error: assets/mediapipeunity/samples/common/scripts/speakerhighlight.cs in SourceAssetDB has modification time of '2026-09-16T03:48:34Z' while content on disk has modification time of '2026-09-16T03:48:45Z'
  ERROR: Build asset version error: assets/mediapipeunity/samples/common/scripts/speakerhighlight.cs in SourceAssetDB has modification time of '2026-09-16T03:48:34Z' while content on disk has modification time of '2026-09-16T03:48:45Z'
Number of updated asset objects reloaded before import = 0Number of asset objects unloaded after import = 0

========================================================================
Received Import Request.
  Time since last request: 0.198531 seconds.
  path: Assets/MediaPipeUnity/Samples/Common/Scripts/SpeakerHighlight.cs
  artifactKey: Guid(a9f577666b6f2436a9db46a45ac04e8e) Importer(815301076,1909f56bfc062723c751e8b465ee728b)
Start importing Assets/MediaPipeUnity/Samples/Common/Scripts/SpeakerHighlight.cs using Guid(a9f577666b6f2436a9db46a45ac04e8e) Importer(815301076,1909f56bfc062723c751e8b465ee728b) (PreviewImporter) -> (artifact id: '00000000000000000000000000000000') in 0.000650167 seconds
Import Error Code:(4)
Message: Build asset version error: assets/mediapipeunity/samples/common/scripts/speakerhighlight.cs in SourceAssetDB has modification time of '2026-09-16T03:48:34Z' while content on disk has modification time of '2026-09-16T03:48:45Z'
  ERROR: Build asset version error: assets/mediapipeunity/samples/common/scripts/speakerhighlight.cs in SourceAssetDB has modification time of '2026-09-16T03:48:34Z' while content on disk has modification time of '2026-09-16T03:48:45Z'
Number of updated asset objects reloaded before import = 0Number of asset objects unloaded after import = 0

========================================================================
Received Import Request.
  Time since last request: 0.097928 seconds.
  path: Assets/MediaPipeUnity/Samples/Common/Scripts/SpeakerHighlight.cs
  artifactKey: Guid(a9f577666b6f2436a9db46a45ac04e8e) Importer(815301076,1909f56bfc062723c751e8b465ee728b)
Start importing Assets/MediaPipeUnity/Samples/Common/Scripts/SpeakerHighlight.cs using Guid(a9f577666b6f2436a9db46a45ac04e8e) Importer(815301076,1909f56bfc062723c751e8b465ee728b) (PreviewImporter) -> (artifact id: '00000000000000000000000000000000') in 0.000482625 seconds
Import Error Code:(4)
Message: Build asset version error: assets/mediapipeunity/samples/common/scripts/speakerhighlight.cs in SourceAssetDB has modification time of '2026-09-16T03:48:34Z' while content on disk has modification time of '2026-09-16T03:48:45Z'
  ERROR: Build asset version error: assets/mediapipeunity/samples/common/scripts/speakerhighlight.cs in SourceAssetDB has modification time of '2026-09-16T03:48:34Z' while content on disk has modification time of '2026-09-16T03:48:45Z'
Number of updated asset objects reloaded before import = 0Number of asset objects unloaded after import = 0

========================================================================
Received Import Request.
  Time since last request: 0.199474 seconds.
  path: Assets/MediaPipeUnity/Samples/Common/Scripts/SpeakerHighlight.cs
  artifactKey: Guid(a9f577666b6f2436a9db46a45ac04e8e) Importer(815301076,1909f56bfc062723c751e8b465ee728b)
Start importing Assets/MediaPipeUnity/Samples/Common/Scripts/SpeakerHighlight.cs using Guid(a9f577666b6f2436a9db46a45ac04e8e) Importer(815301076,1909f56bfc062723c751e8b465ee728b) (PreviewImporter) -> (artifact id: '00000000000000000000000000000000') in 0.000448791 seconds
Import Error Code:(4)
Message: Build asset version error: assets/mediapipeunity/samples/common/scripts/speakerhighlight.cs in SourceAssetDB has modification time of '2026-09-16T03:48:34Z' while content on disk has modification time of '2026-09-16T03:48:45Z'
  ERROR: Build asset version error: assets/mediapipeunity/samples/common/scripts/speakerhighlight.cs in SourceAssetDB has modification time of '2026-09-16T03:48:34Z' while content on disk has modification time of '2026-09-16T03:48:45Z'
Number of updated asset objects reloaded before import = 0Number of asset objects unloaded after import = 0

========================================================================
Received Import Request.
  Time since last request: 0.203635 seconds.
  path: Assets/MediaPipeUnity/Samples/Common/Scripts/SpeakerHighlight.cs
  artifactKey: Guid(a9f577666b6f2436a9db46a45ac04e8e) Importer(815301076,1909f56bfc062723c751e8b465ee728b)
Start importing Assets/MediaPipeUnity/Samples/Common/Scripts/SpeakerHighlight.cs using Guid(a9f577666b6f2436a9db46a45ac04e8e) Importer(815301076,1909f56bfc062723c751e8b465ee728b) (PreviewImporter) -> (artifact id: '00000000000000000000000000000000') in 0.0006585 seconds
Import Error Code:(4)
Message: Build asset version error: assets/mediapipeunity/samples/common/scripts/speakerhighlight.cs in SourceAssetDB has modification time of '2026-09-16T03:48:34Z' while content on disk has modification time of '2026-09-16T03:48:45Z'
  ERROR: Build asset version error: assets/mediapipeunity/samples/common/scripts/speakerhighlight.cs in SourceAssetDB has modification time of '2026-09-16T03:48:34Z' while content on disk has modification time of '2026-09-16T03:48:45Z'
Number of updated asset objects reloaded before import = 0Number of asset objects unloaded after import = 0

========================================================================
Received Import Request.
  Time since last request: 0.193062 seconds.
  path: Assets/MediaPipeUnity/Samples/Common/Scripts/SpeakerHighlight.cs
  artifactKey: Guid(a9f577666b6f2436a9db46a45ac04e8e) Importer(815301076,1909f56bfc062723c751e8b465ee728b)
Start importing Assets/MediaPipeUnity/Samples/Common/Scripts/SpeakerHighlight.cs using Guid(a9f577666b6f2436a9db46a45ac04e8e) Importer(815301076,1909f56bfc062723c751e8b465ee728b) (PreviewImporter) -> (artifact id: '00000000000000000000000000000000') in 0.000505958 seconds
Import Error Code:(4)
Message: Build asset version error: assets/mediapipeunity/samples/common/scripts/speakerhighlight.cs in SourceAssetDB has modification time of '2026-09-16T03:48:34Z' while content on disk has modification time of '2026-09-16T03:48:45Z'
  ERROR: Build asset version error: assets/mediapipeunity/samples/common/scripts/speakerhighlight.cs in SourceAssetDB has modification time of '2026-09-16T03:48:34Z' while content on disk has modification time of '2026-09-16T03:48:45Z'
Number of updated asset objects reloaded before import = 0Number of asset objects unloaded after import = 0

========================================================================
Received Import Request.
  Time since last request: 0.100088 seconds.
  path: Assets/MediaPipeUnity/Samples/Common/Scripts/SpeakerHighlight.cs
  artifactKey: Guid(a9f577666b6f2436a9db46a45ac04e8e) Importer(815301076,1909f56bfc062723c751e8b465ee728b)
Start importing Assets/MediaPipeUnity/Samples/Common/Scripts/SpeakerHighlight.cs using Guid(a9f577666b6f2436a9db46a45ac04e8e) Importer(815301076,1909f56bfc062723c751e8b465ee728b) (PreviewImporter) -> (artifact id: '00000000000000000000000000000000') in 0.000432625 seconds
Import Error Code:(4)
Message: Build asset version error: assets/mediapipeunity/samples/common/scripts/speakerhighlight.cs in SourceAssetDB has modification time of '2026-09-16T03:48:34Z' while content on disk has modification time of '2026-09-16T03:48:45Z'
  ERROR: Build asset version error: assets/mediapipeunity/samples/common/scripts/speakerhighlight.cs in SourceAssetDB has modification time of '2026-09-16T03:48:34Z' while content on disk has modification time of '2026-09-16T03:48:45Z'
Number of updated asset objects reloaded before import = 0Number of asset objects unloaded after import = 0

========================================================================
Received Import Request.
  Time since last request: 0.198385 seconds.
  path: Assets/MediaPipeUnity/Samples/Common/Scripts/SpeakerHighlight.cs
  artifactKey: Guid(a9f577666b6f2436a9db46a45ac04e8e) Importer(815301076,1909f56bfc062723c751e8b465ee728b)
Start importing Assets/MediaPipeUnity/Samples/Common/Scripts/SpeakerHighlight.cs using Guid(a9f577666b6f2436a9db46a45ac04e8e) Importer(815301076,1909f56bfc062723c751e8b465ee728b) (PreviewImporter) -> (artifact id: '00000000000000000000000000000000') in 0.000629125 seconds
Import Error Code:(4)
Message: Build asset version error: assets/mediapipeunity/samples/common/scripts/speakerhighlight.cs in SourceAssetDB has modification time of '2026-09-16T03:48:34Z' while content on disk has modification time of '2026-09-16T03:48:45Z'
  ERROR: Build asset version error: assets/mediapipeunity/samples/common/scripts/speakerhighlight.cs in SourceAssetDB has modification time of '2026-09-16T03:48:34Z' while content on disk has modification time of '2026-09-16T03:48:45Z'
Number of updated asset objects reloaded before import = 0Number of asset objects unloaded after import = 0

========================================================================
Received Import Request.
  Time since last request: 0.097958 seconds.
  path: Assets/MediaPipeUnity/Samples/Common/Scripts/SpeakerHighlight.cs
  artifactKey: Guid(a9f577666b6f2436a9db46a45ac04e8e) Importer(815301076,1909f56bfc062723c751e8b465ee728b)
Start importing Assets/MediaPipeUnity/Samples/Common/Scripts/SpeakerHighlight.cs using Guid(a9f577666b6f2436a9db46a45ac04e8e) Importer(815301076,1909f56bfc062723c751e8b465ee728b) (PreviewImporter) -> (artifact id: '00000000000000000000000000000000') in 0.000353875 seconds
Import Error Code:(4)
Message: Build asset version error: assets/mediapipeunity/samples/common/scripts/speakerhighlight.cs in SourceAssetDB has modification time of '2026-09-16T03:48:34Z' while content on disk has modification time of '2026-09-16T03:48:45Z'
  ERROR: Build asset version error: assets/mediapipeunity/samples/common/scripts/speakerhighlight.cs in SourceAssetDB has modification time of '2026-09-16T03:48:34Z' while content on disk has modification time of '2026-09-16T03:48:45Z'
Number of updated asset objects reloaded before import = 0Number of asset objects unloaded after import = 0

========================================================================
Received Import Request.
  Time since last request: 0.100886 seconds.
  path: Assets/MediaPipeUnity/Samples/Common/Scripts/SpeakerHighlight.cs
  artifactKey: Guid(a9f577666b6f2436a9db46a45ac04e8e) Importer(815301076,1909f56bfc062723c751e8b465ee728b)
Start importing Assets/MediaPipeUnity/Samples/Common/Scripts/SpeakerHighlight.cs using Guid(a9f577666b6f2436a9db46a45ac04e8e) Importer(815301076,1909f56bfc062723c751e8b465ee728b) (PreviewImporter) -> (artifact id: '00000000000000000000000000000000') in 0.000346792 seconds
Import Error Code:(4)
Message: Build asset version error: assets/mediapipeunity/samples/common/scripts/speakerhighlight.cs in SourceAssetDB has modification time of '2026-09-16T03:48:34Z' while content on disk has modification time of '2026-09-16T03:48:45Z'
  ERROR: Build asset version error: assets/mediapipeunity/samples/common/scripts/speakerhighlight.cs in SourceAssetDB has modification time of '2026-09-16T03:48:34Z' while content on disk has modification time of '2026-09-16T03:48:45Z'
Number of updated asset objects reloaded before import = 0Number of asset objects unloaded after import = 0

========================================================================
Received Import Request.
  Time since last request: 0.195484 seconds.
  path: Assets/MediaPipeUnity/Samples/Common/Scripts/SpeakerHighlight.cs
  artifactKey: Guid(a9f577666b6f2436a9db46a45ac04e8e) Importer(815301076,1909f56bfc062723c751e8b465ee728b)
Start importing Assets/MediaPipeUnity/Samples/Common/Scripts/SpeakerHighlight.cs using Guid(a9f577666b6f2436a9db46a45ac04e8e) Importer(815301076,1909f56bfc062723c751e8b465ee728b) (PreviewImporter) -> (artifact id: '00000000000000000000000000000000') in 0.000696209 seconds
Import Error Code:(4)
Message: Build asset version error: assets/mediapipeunity/samples/common/scripts/speakerhighlight.cs in SourceAssetDB has modification time of '2026-09-16T03:48:34Z' while content on disk has modification time of '2026-09-16T03:48:45Z'
  ERROR: Build asset version error: assets/mediapipeunity/samples/common/scripts/speakerhighlight.cs in SourceAssetDB has modification time of '2026-09-16T03:48:34Z' while content on disk has modification time of '2026-09-16T03:48:45Z'
Number of updated asset objects reloaded before import = 0Number of asset objects unloaded after import = 0

========================================================================
Received Import Request.
  Time since last request: 0.204258 seconds.
  path: Assets/MediaPipeUnity/Samples/Common/Scripts/SpeakerHighlight.cs
  artifactKey: Guid(a9f577666b6f2436a9db46a45ac04e8e) Importer(815301076,1909f56bfc062723c751e8b465ee728b)
Start importing Assets/MediaPipeUnity/Samples/Common/Scripts/SpeakerHighlight.cs using Guid(a9f577666b6f2436a9db46a45ac04e8e) Importer(815301076,1909f56bfc062723c751e8b465ee728b) (PreviewImporter) -> (artifact id: '00000000000000000000000000000000') in 0.0005145 seconds
Import Error Code:(4)
Message: Build asset version error: assets/mediapipeunity/samples/common/scripts/speakerhighlight.cs in SourceAssetDB has modification time of '2026-09-16T03:48:34Z' while content on disk has modification time of '2026-09-16T03:48:45Z'
  ERROR: Build asset version error: assets/mediapipeunity/samples/common/scripts/speakerhighlight.cs in SourceAssetDB has modification time of '2026-09-16T03:48:34Z' while content on disk has modification time of '2026-09-16T03:48:45Z'
Number of updated asset objects reloaded before import = 0Number of asset objects unloaded after import = 0

========================================================================
Received Import Request.
  Time since last request: 0.194878 seconds.
  path: Assets/MediaPipeUnity/Samples/Common/Scripts/SpeakerHighlight.cs
  artifactKey: Guid(a9f577666b6f2436a9db46a45ac04e8e) Importer(815301076,1909f56bfc062723c751e8b465ee728b)
Start importing Assets/MediaPipeUnity/Samples/Common/Scripts/SpeakerHighlight.cs using Guid(a9f577666b6f2436a9db46a45ac04e8e) Importer(815301076,1909f56bfc062723c751e8b465ee728b) (PreviewImporter) -> (artifact id: '00000000000000000000000000000000') in 0.000721375 seconds
Import Error Code:(4)
Message: Build asset version error: assets/mediapipeunity/samples/common/scripts/speakerhighlight.cs in SourceAssetDB has modification time of '2026-09-16T03:48:34Z' while content on disk has modification time of '2026-09-16T03:48:45Z'
  ERROR: Build asset version error: assets/mediapipeunity/samples/common/scripts/speakerhighlight.cs in SourceAssetDB has modification time of '2026-09-16T03:48:34Z' while content on disk has modification time of '2026-09-16T03:48:45Z'
Number of updated asset objects reloaded before import = 0Number of asset objects unloaded after import = 0

========================================================================
Received Import Request.
  Time since last request: 0.098395 seconds.
  path: Assets/MediaPipeUnity/Samples/Common/Scripts/SpeakerHighlight.cs
  artifactKey: Guid(a9f577666b6f2436a9db46a45ac04e8e) Importer(815301076,1909f56bfc062723c751e8b465ee728b)
Start importing Assets/MediaPipeUnity/Samples/Common/Scripts/SpeakerHighlight.cs using Guid(a9f577666b6f2436a9db46a45ac04e8e) Importer(815301076,1909f56bfc062723c751e8b465ee728b) (PreviewImporter) -> (artifact id: '00000000000000000000000000000000') in 0.000785 seconds
Import Error Code:(4)
Message: Build asset version error: assets/mediapipeunity/samples/common/scripts/speakerhighlight.cs in SourceAssetDB has modification time of '2026-09-16T03:48:34Z' while content on disk has modification time of '2026-09-16T03:48:45Z'
  ERROR: Build asset version error: assets/mediapipeunity/samples/common/scripts/speakerhighlight.cs in SourceAssetDB has modification time of '2026-09-16T03:48:34Z' while content on disk has modification time of '2026-09-16T03:48:45Z'
Number of updated asset objects reloaded before import = 0Number of asset objects unloaded after import = 0

========================================================================
Received Import Request.
  Time since last request: 0.096623 seconds.
  path: Assets/MediaPipeUnity/Samples/Common/Scripts/SpeakerHighlight.cs
  artifactKey: Guid(a9f577666b6f2436a9db46a45ac04e8e) Importer(815301076,1909f56bfc062723c751e8b465ee728b)
Start importing Assets/MediaPipeUnity/Samples/Common/Scripts/SpeakerHighlight.cs using Guid(a9f577666b6f2436a9db46a45ac04e8e) Importer(815301076,1909f56bfc062723c751e8b465ee728b) (PreviewImporter) -> (artifact id: '00000000000000000000000000000000') in 0.000499 seconds
Import Error Code:(4)
Message: Build asset version error: assets/mediapipeunity/samples/common/scripts/speakerhighlight.cs in SourceAssetDB has modification time of '2026-09-16T03:48:34Z' while content on disk has modification time of '2026-09-16T03:48:45Z'
  ERROR: Build asset version error: assets/mediapipeunity/samples/common/scripts/speakerhighlight.cs in SourceAssetDB has modification time of '2026-09-16T03:48:34Z' while content on disk has modification time of '2026-09-16T03:48:45Z'
Number of updated asset objects reloaded before import = 0Number of asset objects unloaded after import = 0

========================================================================
Received Import Request.
  Time since last request: 0.100546 seconds.
  path: Assets/MediaPipeUnity/Samples/Common/Scripts/SpeakerHighlight.cs
  artifactKey: Guid(a9f577666b6f2436a9db46a45ac04e8e) Importer(815301076,1909f56bfc062723c751e8b465ee728b)
Start importing Assets/MediaPipeUnity/Samples/Common/Scripts/SpeakerHighlight.cs using Guid(a9f577666b6f2436a9db46a45ac04e8e) Importer(815301076,1909f56bfc062723c751e8b465ee728b) (PreviewImporter) -> (artifact id: '00000000000000000000000000000000') in 0.000357708 seconds
Import Error Code:(4)
Message: Build asset version error: assets/mediapipeunity/samples/common/scripts/speakerhighlight.cs in SourceAssetDB has modification time of '2026-09-16T03:48:34Z' while content on disk has modification time of '2026-09-16T03:48:45Z'
  ERROR: Build asset version error: assets/mediapipeunity/samples/common/scripts/speakerhighlight.cs in SourceAssetDB has modification time of '2026-09-16T03:48:34Z' while content on disk has modification time of '2026-09-16T03:48:45Z'
Number of updated asset objects reloaded before import = 0Number of asset objects unloaded after import = 0

========================================================================
Received Import Request.
  Time since last request: 0.200299 seconds.
  path: Assets/MediaPipeUnity/Samples/Common/Scripts/SpeakerHighlight.cs
  artifactKey: Guid(a9f577666b6f2436a9db46a45ac04e8e) Importer(815301076,1909f56bfc062723c751e8b465ee728b)
Start importing Assets/MediaPipeUnity/Samples/Common/Scripts/SpeakerHighlight.cs using Guid(a9f577666b6f2436a9db46a45ac04e8e) Importer(815301076,1909f56bfc062723c751e8b465ee728b) (PreviewImporter) -> (artifact id: '00000000000000000000000000000000') in 0.000511833 seconds
Import Error Code:(4)
Message: Build asset version error: assets/mediapipeunity/samples/common/scripts/speakerhighlight.cs in SourceAssetDB has modification time of '2026-09-16T03:48:34Z' while content on disk has modification time of '2026-09-16T03:48:45Z'
  ERROR: Build asset version error: assets/mediapipeunity/samples/common/scripts/speakerhighlight.cs in SourceAssetDB has modification time of '2026-09-16T03:48:34Z' while content on disk has modification time of '2026-09-16T03:48:45Z'
Number of updated asset objects reloaded before import = 0Number of asset objects unloaded after import = 0

========================================================================
Received Import Request.
  Time since last request: 0.195895 seconds.
  path: Assets/MediaPipeUnity/Samples/Common/Scripts/SpeakerHighlight.cs
  artifactKey: Guid(a9f577666b6f2436a9db46a45ac04e8e) Importer(815301076,1909f56bfc062723c751e8b465ee728b)
Start importing Assets/MediaPipeUnity/Samples/Common/Scripts/SpeakerHighlight.cs using Guid(a9f577666b6f2436a9db46a45ac04e8e) Importer(815301076,1909f56bfc062723c751e8b465ee728b) (PreviewImporter) -> (artifact id: '00000000000000000000000000000000') in 0.000426583 seconds
Import Error Code:(4)
Message: Build asset version error: assets/mediapipeunity/samples/common/scripts/speakerhighlight.cs in SourceAssetDB has modification time of '2026-09-16T03:48:34Z' while content on disk has modification time of '2026-09-16T03:48:45Z'
  ERROR: Build asset version error: assets/mediapipeunity/samples/common/scripts/speakerhighlight.cs in SourceAssetDB has modification time of '2026-09-16T03:48:34Z' while content on disk has modification time of '2026-09-16T03:48:45Z'
Number of updated asset objects reloaded before import = 0Number of asset objects unloaded after import = 0

========================================================================
Received Import Request.
  Time since last request: 0.200903 seconds.
  path: Assets/MediaPipeUnity/Samples/Common/Scripts/SpeakerHighlight.cs
  artifactKey: Guid(a9f577666b6f2436a9db46a45ac04e8e) Importer(815301076,1909f56bfc062723c751e8b465ee728b)
Start importing Assets/MediaPipeUnity/Samples/Common/Scripts/SpeakerHighlight.cs using Guid(a9f577666b6f2436a9db46a45ac04e8e) Importer(815301076,1909f56bfc062723c751e8b465ee728b) (PreviewImporter) -> (artifact id: '00000000000000000000000000000000') in 0.000392375 seconds
Import Error Code:(4)
Message: Build asset version error: assets/mediapipeunity/samples/common/scripts/speakerhighlight.cs in SourceAssetDB has modification time of '2026-09-16T03:48:34Z' while content on disk has modification time of '2026-09-16T03:48:45Z'
  ERROR: Build asset version error: assets/mediapipeunity/samples/common/scripts/speakerhighlight.cs in SourceAssetDB has modification time of '2026-09-16T03:48:34Z' while content on disk has modification time of '2026-09-16T03:48:45Z'
Number of updated asset objects reloaded before import = 0Number of asset objects unloaded after import = 0

========================================================================
Received Import Request.
  Time since last request: 0.091162 seconds.
  path: Assets/MediaPipeUnity/Samples/Common/Scripts/SpeakerHighlight.cs
  artifactKey: Guid(a9f577666b6f2436a9db46a45ac04e8e) Importer(815301076,1909f56bfc062723c751e8b465ee728b)
Start importing Assets/MediaPipeUnity/Samples/Common/Scripts/SpeakerHighlight.cs using Guid(a9f577666b6f2436a9db46a45ac04e8e) Importer(815301076,1909f56bfc062723c751e8b465ee728b) (PreviewImporter) -> (artifact id: '00000000000000000000000000000000') in 0.000368792 seconds
Import Error Code:(4)
Message: Build asset version error: assets/mediapipeunity/samples/common/scripts/speakerhighlight.cs in SourceAssetDB has modification time of '2026-09-16T03:48:34Z' while content on disk has modification time of '2026-09-16T03:48:45Z'
  ERROR: Build asset version error: assets/mediapipeunity/samples/common/scripts/speakerhighlight.cs in SourceAssetDB has modification time of '2026-09-16T03:48:34Z' while content on disk has modification time of '2026-09-16T03:48:45Z'
Number of updated asset objects reloaded before import = 0Number of asset objects unloaded after import = 0

========================================================================
Received Import Request.
  Time since last request: 0.105499 seconds.
  path: Assets/MediaPipeUnity/Samples/Common/Scripts/SpeakerHighlight.cs
  artifactKey: Guid(a9f577666b6f2436a9db46a45ac04e8e) Importer(815301076,1909f56bfc062723c751e8b465ee728b)
Start importing Assets/MediaPipeUnity/Samples/Common/Scripts/SpeakerHighlight.cs using Guid(a9f577666b6f2436a9db46a45ac04e8e) Importer(815301076,1909f56bfc062723c751e8b465ee728b) (PreviewImporter) -> (artifact id: '00000000000000000000000000000000') in 0.000354709 seconds
Import Error Code:(4)
Message: Build asset version error: assets/mediapipeunity/samples/common/scripts/speakerhighlight.cs in SourceAssetDB has modification time of '2026-09-16T03:48:34Z' while content on disk has modification time of '2026-09-16T03:48:45Z'
  ERROR: Build asset version error: assets/mediapipeunity/samples/common/scripts/speakerhighlight.cs in SourceAssetDB has modification time of '2026-09-16T03:48:34Z' while content on disk has modification time of '2026-09-16T03:48:45Z'
Number of updated asset objects reloaded before import = 0Number of asset objects unloaded after import = 0

========================================================================
Received Import Request.
  Time since last request: 0.198015 seconds.
  path: Assets/MediaPipeUnity/Samples/Common/Scripts/SpeakerHighlight.cs
  artifactKey: Guid(a9f577666b6f2436a9db46a45ac04e8e) Importer(815301076,1909f56bfc062723c751e8b465ee728b)
Start importing Assets/MediaPipeUnity/Samples/Common/Scripts/SpeakerHighlight.cs using Guid(a9f577666b6f2436a9db46a45ac04e8e) Importer(815301076,1909f56bfc062723c751e8b465ee728b) (PreviewImporter) -> (artifact id: '00000000000000000000000000000000') in 0.000221958 seconds
Import Error Code:(4)
Message: Build asset version error: assets/mediapipeunity/samples/common/scripts/speakerhighlight.cs in SourceAssetDB has modification time of '2026-09-16T03:48:34Z' while content on disk has modification time of '2026-09-16T03:48:45Z'
  ERROR: Build asset version error: assets/mediapipeunity/samples/common/scripts/speakerhighlight.cs in SourceAssetDB has modification time of '2026-09-16T03:48:34Z' while content on disk has modification time of '2026-09-16T03:48:45Z'
Number of updated asset objects reloaded before import = 0Number of asset objects unloaded after import = 0

========================================================================
Received Import Request.
  Time since last request: 0.201183 seconds.
  path: Assets/MediaPipeUnity/Samples/Common/Scripts/SpeakerHighlight.cs
  artifactKey: Guid(a9f577666b6f2436a9db46a45ac04e8e) Importer(815301076,1909f56bfc062723c751e8b465ee728b)
Start importing Assets/MediaPipeUnity/Samples/Common/Scripts/SpeakerHighlight.cs using Guid(a9f577666b6f2436a9db46a45ac04e8e) Importer(815301076,1909f56bfc062723c751e8b465ee728b) (PreviewImporter) -> (artifact id: '00000000000000000000000000000000') in 0.000359041 seconds
Import Error Code:(4)
Message: Build asset version error: assets/mediapipeunity/samples/common/scripts/speakerhighlight.cs in SourceAssetDB has modification time of '2026-09-16T03:48:34Z' while content on disk has modification time of '2026-09-16T03:48:45Z'
  ERROR: Build asset version error: assets/mediapipeunity/samples/common/scripts/speakerhighlight.cs in SourceAssetDB has modification time of '2026-09-16T03:48:34Z' while content on disk has modification time of '2026-09-16T03:48:45Z'
Number of updated asset objects reloaded before import = 0Number of asset objects unloaded after import = 0

========================================================================
Received Import Request.
  Time since last request: 0.198390 seconds.
  path: Assets/MediaPipeUnity/Samples/Common/Scripts/SpeakerHighlight.cs
  artifactKey: Guid(a9f577666b6f2436a9db46a45ac04e8e) Importer(815301076,1909f56bfc062723c751e8b465ee728b)
Start importing Assets/MediaPipeUnity/Samples/Common/Scripts/SpeakerHighlight.cs using Guid(a9f577666b6f2436a9db46a45ac04e8e) Importer(815301076,1909f56bfc062723c751e8b465ee728b) (PreviewImporter) -> (artifact id: '00000000000000000000000000000000') in 0.000458875 seconds
Import Error Code:(4)
Message: Build asset version error: assets/mediapipeunity/samples/common/scripts/speakerhighlight.cs in SourceAssetDB has modification time of '2026-09-16T03:48:34Z' while content on disk has modification time of '2026-09-16T03:48:45Z'
  ERROR: Build asset version error: assets/mediapipeunity/samples/common/scripts/speakerhighlight.cs in SourceAssetDB has modification time of '2026-09-16T03:48:34Z' while content on disk has modification time of '2026-09-16T03:48:45Z'
Number of updated asset objects reloaded before import = 0Number of asset objects unloaded after import = 0

========================================================================
Received Import Request.
  Time since last request: 0.200984 seconds.
  path: Assets/MediaPipeUnity/Samples/Common/Scripts/SpeakerHighlight.cs
  artifactKey: Guid(a9f577666b6f2436a9db46a45ac04e8e) Importer(815301076,1909f56bfc062723c751e8b465ee728b)
Start importing Assets/MediaPipeUnity/Samples/Common/Scripts/SpeakerHighlight.cs using Guid(a9f577666b6f2436a9db46a45ac04e8e) Importer(815301076,1909f56bfc062723c751e8b465ee728b) (PreviewImporter) -> (artifact id: '00000000000000000000000000000000') in 0.000506792 seconds
Import Error Code:(4)
Message: Build asset version error: assets/mediapipeunity/samples/common/scripts/speakerhighlight.cs in SourceAssetDB has modification time of '2026-09-16T03:48:34Z' while content on disk has modification time of '2026-09-16T03:48:45Z'
  ERROR: Build asset version error: assets/mediapipeunity/samples/common/scripts/speakerhighlight.cs in SourceAssetDB has modification time of '2026-09-16T03:48:34Z' while content on disk has modification time of '2026-09-16T03:48:45Z'
Number of updated asset objects reloaded before import = 0Number of asset objects unloaded after import = 0

========================================================================
Received Import Request.
  Time since last request: 0.095281 seconds.
  path: Assets/MediaPipeUnity/Samples/Common/Scripts/SpeakerHighlight.cs
  artifactKey: Guid(a9f577666b6f2436a9db46a45ac04e8e) Importer(815301076,1909f56bfc062723c751e8b465ee728b)
Start importing Assets/MediaPipeUnity/Samples/Common/Scripts/SpeakerHighlight.cs using Guid(a9f577666b6f2436a9db46a45ac04e8e) Importer(815301076,1909f56bfc062723c751e8b465ee728b) (PreviewImporter) -> (artifact id: '00000000000000000000000000000000') in 0.000359166 seconds
Import Error Code:(4)
Message: Build asset version error: assets/mediapipeunity/samples/common/scripts/speakerhighlight.cs in SourceAssetDB has modification time of '2026-09-16T03:48:34Z' while content on disk has modification time of '2026-09-16T03:48:45Z'
  ERROR: Build asset version error: assets/mediapipeunity/samples/common/scripts/speakerhighlight.cs in SourceAssetDB has modification time of '2026-09-16T03:48:34Z' while content on disk has modification time of '2026-09-16T03:48:45Z'
Number of updated asset objects reloaded before import = 0Number of asset objects unloaded after import = 0

========================================================================
Received Import Request.
  Time since last request: 0.200167 seconds.
  path: Assets/MediaPipeUnity/Samples/Common/Scripts/SpeakerHighlight.cs
  artifactKey: Guid(a9f577666b6f2436a9db46a45ac04e8e) Importer(815301076,1909f56bfc062723c751e8b465ee728b)
Start importing Assets/MediaPipeUnity/Samples/Common/Scripts/SpeakerHighlight.cs using Guid(a9f577666b6f2436a9db46a45ac04e8e) Importer(815301076,1909f56bfc062723c751e8b465ee728b) (PreviewImporter) -> (artifact id: '00000000000000000000000000000000') in 0.000359334 seconds
Import Error Code:(4)
Message: Build asset version error: assets/mediapipeunity/samples/common/scripts/speakerhighlight.cs in SourceAssetDB has modification time of '2026-09-16T03:48:34Z' while content on disk has modification time of '2026-09-16T03:48:45Z'
  ERROR: Build asset version error: assets/mediapipeunity/samples/common/scripts/speakerhighlight.cs in SourceAssetDB has modification time of '2026-09-16T03:48:34Z' while content on disk has modification time of '2026-09-16T03:48:45Z'
Number of updated asset objects reloaded before import = 0Number of asset objects unloaded after import = 0

========================================================================
Received Import Request.
  Time since last request: 0.196472 seconds.
  path: Assets/MediaPipeUnity/Samples/Common/Scripts/SpeakerHighlight.cs
  artifactKey: Guid(a9f577666b6f2436a9db46a45ac04e8e) Importer(815301076,1909f56bfc062723c751e8b465ee728b)
Start importing Assets/MediaPipeUnity/Samples/Common/Scripts/SpeakerHighlight.cs using Guid(a9f577666b6f2436a9db46a45ac04e8e) Importer(815301076,1909f56bfc062723c751e8b465ee728b) (PreviewImporter) -> (artifact id: '00000000000000000000000000000000') in 0.000450708 seconds
Import Error Code:(4)
Message: Build asset version error: assets/mediapipeunity/samples/common/scripts/speakerhighlight.cs in SourceAssetDB has modification time of '2026-09-16T03:48:34Z' while content on disk has modification time of '2026-09-16T03:48:45Z'
  ERROR: Build asset version error: assets/mediapipeunity/samples/common/scripts/speakerhighlight.cs in SourceAssetDB has modification time of '2026-09-16T03:48:34Z' while content on disk has modification time of '2026-09-16T03:48:45Z'
Number of updated asset objects reloaded before import = 0Number of asset objects unloaded after import = 0

========================================================================
Received Import Request.
  Time since last request: 1.010412 seconds.
  path: Assets/MediaPipeUnity/Samples/Common/Scripts/SpeakerHighlight.cs
  artifactKey: Guid(a9f577666b6f2436a9db46a45ac04e8e) Importer(815301076,1909f56bfc062723c751e8b465ee728b)
Start importing Assets/MediaPipeUnity/Samples/Common/Scripts/SpeakerHighlight.cs using Guid(a9f577666b6f2436a9db46a45ac04e8e) Importer(815301076,1909f56bfc062723c751e8b465ee728b) (PreviewImporter) -> (artifact id: '00000000000000000000000000000000') in 0.000648833 seconds
Import Error Code:(4)
Message: Build asset version error: assets/mediapipeunity/samples/common/scripts/speakerhighlight.cs in SourceAssetDB has modification time of '2026-09-16T03:48:34Z' while content on disk has modification time of '2026-09-16T03:48:45Z'
  ERROR: Build asset version error: assets/mediapipeunity/samples/common/scripts/speakerhighlight.cs in SourceAssetDB has modification time of '2026-09-16T03:48:34Z' while content on disk has modification time of '2026-09-16T03:48:45Z'
Number of updated asset objects reloaded before import = 0Number of asset objects unloaded after import = 0

========================================================================
Received Import Request.
  Time since last request: 0.084799 seconds.
  path: Assets/MediaPipeUnity/Samples/Common/Scripts/SpeakerHighlight.cs
  artifactKey: Guid(a9f577666b6f2436a9db46a45ac04e8e) Importer(815301076,1909f56bfc062723c751e8b465ee728b)
Start importing Assets/MediaPipeUnity/Samples/Common/Scripts/SpeakerHighlight.cs using Guid(a9f577666b6f2436a9db46a45ac04e8e) Importer(815301076,1909f56bfc062723c751e8b465ee728b) (PreviewImporter) -> (artifact id: '00000000000000000000000000000000') in 0.000385041 seconds
Import Error Code:(4)
Message: Build asset version error: assets/mediapipeunity/samples/common/scripts/speakerhighlight.cs in SourceAssetDB has modification time of '2026-09-16T03:48:34Z' while content on disk has modification time of '2026-09-16T03:48:45Z'
  ERROR: Build asset version error: assets/mediapipeunity/samples/common/scripts/speakerhighlight.cs in SourceAssetDB has modification time of '2026-09-16T03:48:34Z' while content on disk has modification time of '2026-09-16T03:48:45Z'
Number of updated asset objects reloaded before import = 0Number of asset objects unloaded after import = 0

========================================================================
Received Import Request.
  Time since last request: 0.202548 seconds.
  path: Assets/MediaPipeUnity/Samples/Common/Scripts/SpeakerHighlight.cs
  artifactKey: Guid(a9f577666b6f2436a9db46a45ac04e8e) Importer(815301076,1909f56bfc062723c751e8b465ee728b)
Start importing Assets/MediaPipeUnity/Samples/Common/Scripts/SpeakerHighlight.cs using Guid(a9f577666b6f2436a9db46a45ac04e8e) Importer(815301076,1909f56bfc062723c751e8b465ee728b) (PreviewImporter) -> (artifact id: '00000000000000000000000000000000') in 0.000443 seconds
Import Error Code:(4)
Message: Build asset version error: assets/mediapipeunity/samples/common/scripts/speakerhighlight.cs in SourceAssetDB has modification time of '2026-09-16T03:48:34Z' while content on disk has modification time of '2026-09-16T03:48:45Z'
  ERROR: Build asset version error: assets/mediapipeunity/samples/common/scripts/speakerhighlight.cs in SourceAssetDB has modification time of '2026-09-16T03:48:34Z' while content on disk has modification time of '2026-09-16T03:48:45Z'
Number of updated asset objects reloaded before import = 0Number of asset objects unloaded after import = 0

========================================================================
Received Import Request.
  Time since last request: 0.094201 seconds.
  path: Assets/MediaPipeUnity/Samples/Common/Scripts/SpeakerHighlight.cs
  artifactKey: Guid(a9f577666b6f2436a9db46a45ac04e8e) Importer(815301076,1909f56bfc062723c751e8b465ee728b)
Start importing Assets/MediaPipeUnity/Samples/Common/Scripts/SpeakerHighlight.cs using Guid(a9f577666b6f2436a9db46a45ac04e8e) Importer(815301076,1909f56bfc062723c751e8b465ee728b) (PreviewImporter) -> (artifact id: '00000000000000000000000000000000') in 0.000355541 seconds
Import Error Code:(4)
Message: Build asset version error: assets/mediapipeunity/samples/common/scripts/speakerhighlight.cs in SourceAssetDB has modification time of '2026-09-16T03:48:34Z' while content on disk has modification time of '2026-09-16T03:48:45Z'
  ERROR: Build asset version error: assets/mediapipeunity/samples/common/scripts/speakerhighlight.cs in SourceAssetDB has modification time of '2026-09-16T03:48:34Z' while content on disk has modification time of '2026-09-16T03:48:45Z'
Number of updated asset objects reloaded before import = 0Number of asset objects unloaded after import = 0

========================================================================
Received Import Request.
  Time since last request: 0.203884 seconds.
  path: Assets/MediaPipeUnity/Samples/Common/Scripts/SpeakerHighlight.cs
  artifactKey: Guid(a9f577666b6f2436a9db46a45ac04e8e) Importer(815301076,1909f56bfc062723c751e8b465ee728b)
Start importing Assets/MediaPipeUnity/Samples/Common/Scripts/SpeakerHighlight.cs using Guid(a9f577666b6f2436a9db46a45ac04e8e) Importer(815301076,1909f56bfc062723c751e8b465ee728b) (PreviewImporter) -> (artifact id: '00000000000000000000000000000000') in 0.000406625 seconds
Import Error Code:(4)
Message: Build asset version error: assets/mediapipeunity/samples/common/scripts/speakerhighlight.cs in SourceAssetDB has modification time of '2026-09-16T03:48:34Z' while content on disk has modification time of '2026-09-16T03:48:45Z'
  ERROR: Build asset version error: assets/mediapipeunity/samples/common/scripts/speakerhighlight.cs in SourceAssetDB has modification time of '2026-09-16T03:48:34Z' while content on disk has modification time of '2026-09-16T03:48:45Z'
Number of updated asset objects reloaded before import = 0Number of asset objects unloaded after import = 0

========================================================================
Received Import Request.
  Time since last request: 0.199836 seconds.
  path: Assets/MediaPipeUnity/Samples/Common/Scripts/SpeakerHighlight.cs
  artifactKey: Guid(a9f577666b6f2436a9db46a45ac04e8e) Importer(815301076,1909f56bfc062723c751e8b465ee728b)
Start importing Assets/MediaPipeUnity/Samples/Common/Scripts/SpeakerHighlight.cs using Guid(a9f577666b6f2436a9db46a45ac04e8e) Importer(815301076,1909f56bfc062723c751e8b465ee728b) (PreviewImporter) -> (artifact id: '00000000000000000000000000000000') in 0.000510958 seconds
Import Error Code:(4)
Message: Build asset version error: assets/mediapipeunity/samples/common/scripts/speakerhighlight.cs in SourceAssetDB has modification time of '2026-09-16T03:48:34Z' while content on disk has modification time of '2026-09-16T03:48:45Z'
  ERROR: Build asset version error: assets/mediapipeunity/samples/common/scripts/speakerhighlight.cs in SourceAssetDB has modification time of '2026-09-16T03:48:34Z' while content on disk has modification time of '2026-09-16T03:48:45Z'
Number of updated asset objects reloaded before import = 0Number of asset objects unloaded after import = 0

========================================================================
Received Import Request.
  Time since last request: 0.199385 seconds.
  path: Assets/MediaPipeUnity/Samples/Common/Scripts/SpeakerHighlight.cs
  artifactKey: Guid(a9f577666b6f2436a9db46a45ac04e8e) Importer(815301076,1909f56bfc062723c751e8b465ee728b)
Start importing Assets/MediaPipeUnity/Samples/Common/Scripts/SpeakerHighlight.cs using Guid(a9f577666b6f2436a9db46a45ac04e8e) Importer(815301076,1909f56bfc062723c751e8b465ee728b) (PreviewImporter) -> (artifact id: '00000000000000000000000000000000') in 0.000456709 seconds
Import Error Code:(4)
Message: Build asset version error: assets/mediapipeunity/samples/common/scripts/speakerhighlight.cs in SourceAssetDB has modification time of '2026-09-16T03:48:34Z' while content on disk has modification time of '2026-09-16T03:48:45Z'
  ERROR: Build asset version error: assets/mediapipeunity/samples/common/scripts/speakerhighlight.cs in SourceAssetDB has modification time of '2026-09-16T03:48:34Z' while content on disk has modification time of '2026-09-16T03:48:45Z'
Number of updated asset objects reloaded before import = 0Number of asset objects unloaded after import = 0

========================================================================
Received Import Request.
  Time since last request: 0.198273 seconds.
  path: Assets/MediaPipeUnity/Samples/Common/Scripts/SpeakerHighlight.cs
  artifactKey: Guid(a9f577666b6f2436a9db46a45ac04e8e) Importer(815301076,1909f56bfc062723c751e8b465ee728b)
Start importing Assets/MediaPipeUnity/Samples/Common/Scripts/SpeakerHighlight.cs using Guid(a9f577666b6f2436a9db46a45ac04e8e) Importer(815301076,1909f56bfc062723c751e8b465ee728b) (PreviewImporter) -> (artifact id: '00000000000000000000000000000000') in 0.000389292 seconds
Import Error Code:(4)
Message: Build asset version error: assets/mediapipeunity/samples/common/scripts/speakerhighlight.cs in SourceAssetDB has modification time of '2026-09-16T03:48:34Z' while content on disk has modification time of '2026-09-16T03:48:45Z'
  ERROR: Build asset version error: assets/mediapipeunity/samples/common/scripts/speakerhighlight.cs in SourceAssetDB has modification time of '2026-09-16T03:48:34Z' while content on disk has modification time of '2026-09-16T03:48:45Z'
Number of updated asset objects reloaded before import = 0Number of asset objects unloaded after import = 0

========================================================================
Received Import Request.
  Time since last request: 0.197070 seconds.
  path: Assets/MediaPipeUnity/Samples/Common/Scripts/SpeakerHighlight.cs
  artifactKey: Guid(a9f577666b6f2436a9db46a45ac04e8e) Importer(815301076,1909f56bfc062723c751e8b465ee728b)
Start importing Assets/MediaPipeUnity/Samples/Common/Scripts/SpeakerHighlight.cs using Guid(a9f577666b6f2436a9db46a45ac04e8e) Importer(815301076,1909f56bfc062723c751e8b465ee728b) (PreviewImporter) -> (artifact id: '00000000000000000000000000000000') in 0.000539833 seconds
Import Error Code:(4)
Message: Build asset version error: assets/mediapipeunity/samples/common/scripts/speakerhighlight.cs in SourceAssetDB has modification time of '2026-09-16T03:48:34Z' while content on disk has modification time of '2026-09-16T03:48:45Z'
  ERROR: Build asset version error: assets/mediapipeunity/samples/common/scripts/speakerhighlight.cs in SourceAssetDB has modification time of '2026-09-16T03:48:34Z' while content on disk has modification time of '2026-09-16T03:48:45Z'
Number of updated asset objects reloaded before import = 0Number of asset objects unloaded after import = 0

========================================================================
Received Import Request.
  Time since last request: 0.100610 seconds.
  path: Assets/MediaPipeUnity/Samples/Common/Scripts/SpeakerHighlight.cs
  artifactKey: Guid(a9f577666b6f2436a9db46a45ac04e8e) Importer(815301076,1909f56bfc062723c751e8b465ee728b)
Start importing Assets/MediaPipeUnity/Samples/Common/Scripts/SpeakerHighlight.cs using Guid(a9f577666b6f2436a9db46a45ac04e8e) Importer(815301076,1909f56bfc062723c751e8b465ee728b) (PreviewImporter) -> (artifact id: '00000000000000000000000000000000') in 0.000413084 seconds
Import Error Code:(4)
Message: Build asset version error: assets/mediapipeunity/samples/common/scripts/speakerhighlight.cs in SourceAssetDB has modification time of '2026-09-16T03:48:34Z' while content on disk has modification time of '2026-09-16T03:48:45Z'
  ERROR: Build asset version error: assets/mediapipeunity/samples/common/scripts/speakerhighlight.cs in SourceAssetDB has modification time of '2026-09-16T03:48:34Z' while content on disk has modification time of '2026-09-16T03:48:45Z'
Number of updated asset objects reloaded before import = 0Number of asset objects unloaded after import = 0

========================================================================
Received Import Request.
  Time since last request: 0.197489 seconds.
  path: Assets/MediaPipeUnity/Samples/Common/Scripts/SpeakerHighlight.cs
  artifactKey: Guid(a9f577666b6f2436a9db46a45ac04e8e) Importer(815301076,1909f56bfc062723c751e8b465ee728b)
Start importing Assets/MediaPipeUnity/Samples/Common/Scripts/SpeakerHighlight.cs using Guid(a9f577666b6f2436a9db46a45ac04e8e) Importer(815301076,1909f56bfc062723c751e8b465ee728b) (PreviewImporter) -> (artifact id: '00000000000000000000000000000000') in 0.00043625 seconds
Import Error Code:(4)
Message: Build asset version error: assets/mediapipeunity/samples/common/scripts/speakerhighlight.cs in SourceAssetDB has modification time of '2026-09-16T03:48:34Z' while content on disk has modification time of '2026-09-16T03:48:45Z'
  ERROR: Build asset version error: assets/mediapipeunity/samples/common/scripts/speakerhighlight.cs in SourceAssetDB has modification time of '2026-09-16T03:48:34Z' while content on disk has modification time of '2026-09-16T03:48:45Z'
Number of updated asset objects reloaded before import = 0Number of asset objects unloaded after import = 0

========================================================================
Received Import Request.
  Time since last request: 0.199340 seconds.
  path: Assets/MediaPipeUnity/Samples/Common/Scripts/SpeakerHighlight.cs
  artifactKey: Guid(a9f577666b6f2436a9db46a45ac04e8e) Importer(815301076,1909f56bfc062723c751e8b465ee728b)
Start importing Assets/MediaPipeUnity/Samples/Common/Scripts/SpeakerHighlight.cs using Guid(a9f577666b6f2436a9db46a45ac04e8e) Importer(815301076,1909f56bfc062723c751e8b465ee728b) (PreviewImporter) -> (artifact id: '00000000000000000000000000000000') in 0.000454625 seconds
Import Error Code:(4)
Message: Build asset version error: assets/mediapipeunity/samples/common/scripts/speakerhighlight.cs in SourceAssetDB has modification time of '2026-09-16T03:48:34Z' while content on disk has modification time of '2026-09-16T03:48:45Z'
  ERROR: Build asset version error: assets/mediapipeunity/samples/common/scripts/speakerhighlight.cs in SourceAssetDB has modification time of '2026-09-16T03:48:34Z' while content on disk has modification time of '2026-09-16T03:48:45Z'
Number of updated asset objects reloaded before import = 0Number of asset objects unloaded after import = 0

========================================================================
Received Import Request.
  Time since last request: 0.200518 seconds.
  path: Assets/MediaPipeUnity/Samples/Common/Scripts/SpeakerHighlight.cs
  artifactKey: Guid(a9f577666b6f2436a9db46a45ac04e8e) Importer(815301076,1909f56bfc062723c751e8b465ee728b)
Start importing Assets/MediaPipeUnity/Samples/Common/Scripts/SpeakerHighlight.cs using Guid(a9f577666b6f2436a9db46a45ac04e8e) Importer(815301076,1909f56bfc062723c751e8b465ee728b) (PreviewImporter) -> (artifact id: '00000000000000000000000000000000') in 0.000362291 seconds
Import Error Code:(4)
Message: Build asset version error: assets/mediapipeunity/samples/common/scripts/speakerhighlight.cs in SourceAssetDB has modification time of '2026-09-16T03:48:34Z' while content on disk has modification time of '2026-09-16T03:48:45Z'
  ERROR: Build asset version error: assets/mediapipeunity/samples/common/scripts/speakerhighlight.cs in SourceAssetDB has modification time of '2026-09-16T03:48:34Z' while content on disk has modification time of '2026-09-16T03:48:45Z'
Number of updated asset objects reloaded before import = 0Number of asset objects unloaded after import = 0

========================================================================
Received Import Request.
  Time since last request: 0.093233 seconds.
  path: Assets/MediaPipeUnity/Samples/Common/Scripts/SpeakerHighlight.cs
  artifactKey: Guid(a9f577666b6f2436a9db46a45ac04e8e) Importer(815301076,1909f56bfc062723c751e8b465ee728b)
Start importing Assets/MediaPipeUnity/Samples/Common/Scripts/SpeakerHighlight.cs using Guid(a9f577666b6f2436a9db46a45ac04e8e) Importer(815301076,1909f56bfc062723c751e8b465ee728b) (PreviewImporter) -> (artifact id: '00000000000000000000000000000000') in 0.000441084 seconds
Import Error Code:(4)
Message: Build asset version error: assets/mediapipeunity/samples/common/scripts/speakerhighlight.cs in SourceAssetDB has modification time of '2026-09-16T03:48:34Z' while content on disk has modification time of '2026-09-16T03:48:45Z'
  ERROR: Build asset version error: assets/mediapipeunity/samples/common/scripts/speakerhighlight.cs in SourceAssetDB has modification time of '2026-09-16T03:48:34Z' while content on disk has modification time of '2026-09-16T03:48:45Z'
Number of updated asset objects reloaded before import = 0Number of asset objects unloaded after import = 0

========================================================================
Received Import Request.
  Time since last request: 0.102458 seconds.
  path: Assets/MediaPipeUnity/Samples/Common/Scripts/SpeakerHighlight.cs
  artifactKey: Guid(a9f577666b6f2436a9db46a45ac04e8e) Importer(815301076,1909f56bfc062723c751e8b465ee728b)
Start importing Assets/MediaPipeUnity/Samples/Common/Scripts/SpeakerHighlight.cs using Guid(a9f577666b6f2436a9db46a45ac04e8e) Importer(815301076,1909f56bfc062723c751e8b465ee728b) (PreviewImporter) -> (artifact id: '00000000000000000000000000000000') in 0.00037325 seconds
Import Error Code:(4)
Message: Build asset version error: assets/mediapipeunity/samples/common/scripts/speakerhighlight.cs in SourceAssetDB has modification time of '2026-09-16T03:48:34Z' while content on disk has modification time of '2026-09-16T03:48:45Z'
  ERROR: Build asset version error: assets/mediapipeunity/samples/common/scripts/speakerhighlight.cs in SourceAssetDB has modification time of '2026-09-16T03:48:34Z' while content on disk has modification time of '2026-09-16T03:48:45Z'
Number of updated asset objects reloaded before import = 0Number of asset objects unloaded after import = 0

========================================================================
Received Import Request.
  Time since last request: 0.098083 seconds.
  path: Assets/MediaPipeUnity/Samples/Common/Scripts/SpeakerHighlight.cs
  artifactKey: Guid(a9f577666b6f2436a9db46a45ac04e8e) Importer(815301076,1909f56bfc062723c751e8b465ee728b)
Start importing Assets/MediaPipeUnity/Samples/Common/Scripts/SpeakerHighlight.cs using Guid(a9f577666b6f2436a9db46a45ac04e8e) Importer(815301076,1909f56bfc062723c751e8b465ee728b) (PreviewImporter) -> (artifact id: '00000000000000000000000000000000') in 0.000371417 seconds
Import Error Code:(4)
Message: Build asset version error: assets/mediapipeunity/samples/common/scripts/speakerhighlight.cs in SourceAssetDB has modification time of '2026-09-16T03:48:34Z' while content on disk has modification time of '2026-09-16T03:48:45Z'
  ERROR: Build asset version error: assets/mediapipeunity/samples/common/scripts/speakerhighlight.cs in SourceAssetDB has modification time of '2026-09-16T03:48:34Z' while content on disk has modification time of '2026-09-16T03:48:45Z'
Number of updated asset objects reloaded before import = 0Number of asset objects unloaded after import = 0

========================================================================
Received Import Request.
  Time since last request: 0.198255 seconds.
  path: Assets/MediaPipeUnity/Samples/Common/Scripts/SpeakerHighlight.cs
  artifactKey: Guid(a9f577666b6f2436a9db46a45ac04e8e) Importer(815301076,1909f56bfc062723c751e8b465ee728b)
Start importing Assets/MediaPipeUnity/Samples/Common/Scripts/SpeakerHighlight.cs using Guid(a9f577666b6f2436a9db46a45ac04e8e) Importer(815301076,1909f56bfc062723c751e8b465ee728b) (PreviewImporter) -> (artifact id: '00000000000000000000000000000000') in 0.000517666 seconds
Import Error Code:(4)
Message: Build asset version error: assets/mediapipeunity/samples/common/scripts/speakerhighlight.cs in SourceAssetDB has modification time of '2026-09-16T03:48:34Z' while content on disk has modification time of '2026-09-16T03:48:45Z'
  ERROR: Build asset version error: assets/mediapipeunity/samples/common/scripts/speakerhighlight.cs in SourceAssetDB has modification time of '2026-09-16T03:48:34Z' while content on disk has modification time of '2026-09-16T03:48:45Z'
Number of updated asset objects reloaded before import = 0Number of asset objects unloaded after import = 0

========================================================================
Received Import Request.
  Time since last request: 0.198100 seconds.
  path: Assets/MediaPipeUnity/Samples/Common/Scripts/SpeakerHighlight.cs
  artifactKey: Guid(a9f577666b6f2436a9db46a45ac04e8e) Importer(815301076,1909f56bfc062723c751e8b465ee728b)
Start importing Assets/MediaPipeUnity/Samples/Common/Scripts/SpeakerHighlight.cs using Guid(a9f577666b6f2436a9db46a45ac04e8e) Importer(815301076,1909f56bfc062723c751e8b465ee728b) (PreviewImporter) -> (artifact id: '00000000000000000000000000000000') in 0.000380667 seconds
Import Error Code:(4)
Message: Build asset version error: assets/mediapipeunity/samples/common/scripts/speakerhighlight.cs in SourceAssetDB has modification time of '2026-09-16T03:48:34Z' while content on disk has modification time of '2026-09-16T03:48:45Z'
  ERROR: Build asset version error: assets/mediapipeunity/samples/common/scripts/speakerhighlight.cs in SourceAssetDB has modification time of '2026-09-16T03:48:34Z' while content on disk has modification time of '2026-09-16T03:48:45Z'
Number of updated asset objects reloaded before import = 0Number of asset objects unloaded after import = 0

========================================================================
Received Import Request.
  Time since last request: 0.098764 seconds.
  path: Assets/MediaPipeUnity/Samples/Common/Scripts/SpeakerHighlight.cs
  artifactKey: Guid(a9f577666b6f2436a9db46a45ac04e8e) Importer(815301076,1909f56bfc062723c751e8b465ee728b)
Start importing Assets/MediaPipeUnity/Samples/Common/Scripts/SpeakerHighlight.cs using Guid(a9f577666b6f2436a9db46a45ac04e8e) Importer(815301076,1909f56bfc062723c751e8b465ee728b) (PreviewImporter) -> (artifact id: '00000000000000000000000000000000') in 0.000351791 seconds
Import Error Code:(4)
Message: Build asset version error: assets/mediapipeunity/samples/common/scripts/speakerhighlight.cs in SourceAssetDB has modification time of '2026-09-16T03:48:34Z' while content on disk has modification time of '2026-09-16T03:48:45Z'
  ERROR: Build asset version error: assets/mediapipeunity/samples/common/scripts/speakerhighlight.cs in SourceAssetDB has modification time of '2026-09-16T03:48:34Z' while content on disk has modification time of '2026-09-16T03:48:45Z'
Number of updated asset objects reloaded before import = 0Number of asset objects unloaded after import = 0

========================================================================
Received Import Request.
  Time since last request: 0.200875 seconds.
  path: Assets/MediaPipeUnity/Samples/Common/Scripts/SpeakerHighlight.cs
  artifactKey: Guid(a9f577666b6f2436a9db46a45ac04e8e) Importer(815301076,1909f56bfc062723c751e8b465ee728b)
Start importing Assets/MediaPipeUnity/Samples/Common/Scripts/SpeakerHighlight.cs using Guid(a9f577666b6f2436a9db46a45ac04e8e) Importer(815301076,1909f56bfc062723c751e8b465ee728b) (PreviewImporter) -> (artifact id: '00000000000000000000000000000000') in 0.00063275 seconds
Import Error Code:(4)
Message: Build asset version error: assets/mediapipeunity/samples/common/scripts/speakerhighlight.cs in SourceAssetDB has modification time of '2026-09-16T03:48:34Z' while content on disk has modification time of '2026-09-16T03:48:45Z'
  ERROR: Build asset version error: assets/mediapipeunity/samples/common/scripts/speakerhighlight.cs in SourceAssetDB has modification time of '2026-09-16T03:48:34Z' while content on disk has modification time of '2026-09-16T03:48:45Z'
Number of updated asset objects reloaded before import = 0Number of asset objects unloaded after import = 0

========================================================================
Received Import Request.
  Time since last request: 0.198907 seconds.
  path: Assets/MediaPipeUnity/Samples/Common/Scripts/SpeakerHighlight.cs
  artifactKey: Guid(a9f577666b6f2436a9db46a45ac04e8e) Importer(815301076,1909f56bfc062723c751e8b465ee728b)
Start importing Assets/MediaPipeUnity/Samples/Common/Scripts/SpeakerHighlight.cs using Guid(a9f577666b6f2436a9db46a45ac04e8e) Importer(815301076,1909f56bfc062723c751e8b465ee728b) (PreviewImporter) -> (artifact id: '00000000000000000000000000000000') in 0.000586291 seconds
Import Error Code:(4)
Message: Build asset version error: assets/mediapipeunity/samples/common/scripts/speakerhighlight.cs in SourceAssetDB has modification time of '2026-09-16T03:48:34Z' while content on disk has modification time of '2026-09-16T03:48:45Z'
  ERROR: Build asset version error: assets/mediapipeunity/samples/common/scripts/speakerhighlight.cs in SourceAssetDB has modification time of '2026-09-16T03:48:34Z' while content on disk has modification time of '2026-09-16T03:48:45Z'
Number of updated asset objects reloaded before import = 0Number of asset objects unloaded after import = 0

========================================================================
Received Import Request.
  Time since last request: 0.197355 seconds.
  path: Assets/MediaPipeUnity/Samples/Common/Scripts/SpeakerHighlight.cs
  artifactKey: Guid(a9f577666b6f2436a9db46a45ac04e8e) Importer(815301076,1909f56bfc062723c751e8b465ee728b)
Start importing Assets/MediaPipeUnity/Samples/Common/Scripts/SpeakerHighlight.cs using Guid(a9f577666b6f2436a9db46a45ac04e8e) Importer(815301076,1909f56bfc062723c751e8b465ee728b) (PreviewImporter) -> (artifact id: '00000000000000000000000000000000') in 0.000633417 seconds
Import Error Code:(4)
Message: Build asset version error: assets/mediapipeunity/samples/common/scripts/speakerhighlight.cs in SourceAssetDB has modification time of '2026-09-16T03:48:34Z' while content on disk has modification time of '2026-09-16T03:48:45Z'
  ERROR: Build asset version error: assets/mediapipeunity/samples/common/scripts/speakerhighlight.cs in SourceAssetDB has modification time of '2026-09-16T03:48:34Z' while content on disk has modification time of '2026-09-16T03:48:45Z'
Number of updated asset objects reloaded before import = 0Number of asset objects unloaded after import = 0

========================================================================
Received Import Request.
  Time since last request: 0.098679 seconds.
  path: Assets/MediaPipeUnity/Samples/Common/Scripts/SpeakerHighlight.cs
  artifactKey: Guid(a9f577666b6f2436a9db46a45ac04e8e) Importer(815301076,1909f56bfc062723c751e8b465ee728b)
Start importing Assets/MediaPipeUnity/Samples/Common/Scripts/SpeakerHighlight.cs using Guid(a9f577666b6f2436a9db46a45ac04e8e) Importer(815301076,1909f56bfc062723c751e8b465ee728b) (PreviewImporter) -> (artifact id: '00000000000000000000000000000000') in 0.000313791 seconds
Import Error Code:(4)
Message: Build asset version error: assets/mediapipeunity/samples/common/scripts/speakerhighlight.cs in SourceAssetDB has modification time of '2026-09-16T03:48:34Z' while content on disk has modification time of '2026-09-16T03:48:45Z'
  ERROR: Build asset version error: assets/mediapipeunity/samples/common/scripts/speakerhighlight.cs in SourceAssetDB has modification time of '2026-09-16T03:48:34Z' while content on disk has modification time of '2026-09-16T03:48:45Z'
Number of updated asset objects reloaded before import = 0Number of asset objects unloaded after import = 0

========================================================================
Received Import Request.
  Time since last request: 0.199829 seconds.
  path: Assets/MediaPipeUnity/Samples/Common/Scripts/SpeakerHighlight.cs
  artifactKey: Guid(a9f577666b6f2436a9db46a45ac04e8e) Importer(815301076,1909f56bfc062723c751e8b465ee728b)
Start importing Assets/MediaPipeUnity/Samples/Common/Scripts/SpeakerHighlight.cs using Guid(a9f577666b6f2436a9db46a45ac04e8e) Importer(815301076,1909f56bfc062723c751e8b465ee728b) (PreviewImporter) -> (artifact id: '00000000000000000000000000000000') in 0.000325917 seconds
Import Error Code:(4)
Message: Build asset version error: assets/mediapipeunity/samples/common/scripts/speakerhighlight.cs in SourceAssetDB has modification time of '2026-09-16T03:48:34Z' while content on disk has modification time of '2026-09-16T03:48:45Z'
  ERROR: Build asset version error: assets/mediapipeunity/samples/common/scripts/speakerhighlight.cs in SourceAssetDB has modification time of '2026-09-16T03:48:34Z' while content on disk has modification time of '2026-09-16T03:48:45Z'
Number of updated asset objects reloaded before import = 0Number of asset objects unloaded after import = 0

========================================================================
Received Import Request.
  Time since last request: 0.098370 seconds.
  path: Assets/MediaPipeUnity/Samples/Common/Scripts/SpeakerHighlight.cs
  artifactKey: Guid(a9f577666b6f2436a9db46a45ac04e8e) Importer(815301076,1909f56bfc062723c751e8b465ee728b)
Start importing Assets/MediaPipeUnity/Samples/Common/Scripts/SpeakerHighlight.cs using Guid(a9f577666b6f2436a9db46a45ac04e8e) Importer(815301076,1909f56bfc062723c751e8b465ee728b) (PreviewImporter) -> (artifact id: '00000000000000000000000000000000') in 0.000465916 seconds
Import Error Code:(4)
Message: Build asset version error: assets/mediapipeunity/samples/common/scripts/speakerhighlight.cs in SourceAssetDB has modification time of '2026-09-16T03:48:34Z' while content on disk has modification time of '2026-09-16T03:48:45Z'
  ERROR: Build asset version error: assets/mediapipeunity/samples/common/scripts/speakerhighlight.cs in SourceAssetDB has modification time of '2026-09-16T03:48:34Z' while content on disk has modification time of '2026-09-16T03:48:45Z'
Number of updated asset objects reloaded before import = 0Number of asset objects unloaded after import = 0

========================================================================
Received Import Request.
  Time since last request: 0.201077 seconds.
  path: Assets/MediaPipeUnity/Samples/Common/Scripts/SpeakerHighlight.cs
  artifactKey: Guid(a9f577666b6f2436a9db46a45ac04e8e) Importer(815301076,1909f56bfc062723c751e8b465ee728b)
Start importing Assets/MediaPipeUnity/Samples/Common/Scripts/SpeakerHighlight.cs using Guid(a9f577666b6f2436a9db46a45ac04e8e) Importer(815301076,1909f56bfc062723c751e8b465ee728b) (PreviewImporter) -> (artifact id: '00000000000000000000000000000000') in 0.000462583 seconds
Import Error Code:(4)
Message: Build asset version error: assets/mediapipeunity/samples/common/scripts/speakerhighlight.cs in SourceAssetDB has modification time of '2026-09-16T03:48:34Z' while content on disk has modification time of '2026-09-16T03:48:45Z'
  ERROR: Build asset version error: assets/mediapipeunity/samples/common/scripts/speakerhighlight.cs in SourceAssetDB has modification time of '2026-09-16T03:48:34Z' while content on disk has modification time of '2026-09-16T03:48:45Z'
Number of updated asset objects reloaded before import = 0Number of asset objects unloaded after import = 0

========================================================================
Received Import Request.
  Time since last request: 0.196085 seconds.
  path: Assets/MediaPipeUnity/Samples/Common/Scripts/SpeakerHighlight.cs
  artifactKey: Guid(a9f577666b6f2436a9db46a45ac04e8e) Importer(815301076,1909f56bfc062723c751e8b465ee728b)
Start importing Assets/MediaPipeUnity/Samples/Common/Scripts/SpeakerHighlight.cs using Guid(a9f577666b6f2436a9db46a45ac04e8e) Importer(815301076,1909f56bfc062723c751e8b465ee728b) (PreviewImporter) -> (artifact id: '00000000000000000000000000000000') in 0.000433834 seconds
Import Error Code:(4)
Message: Build asset version error: assets/mediapipeunity/samples/common/scripts/speakerhighlight.cs in SourceAssetDB has modification time of '2026-09-16T03:48:34Z' while content on disk has modification time of '2026-09-16T03:48:45Z'
  ERROR: Build asset version error: assets/mediapipeunity/samples/common/scripts/speakerhighlight.cs in SourceAssetDB has modification time of '2026-09-16T03:48:34Z' while content on disk has modification time of '2026-09-16T03:48:45Z'
Number of updated asset objects reloaded before import = 0Number of asset objects unloaded after import = 0

========================================================================
Received Import Request.
  Time since last request: 0.198164 seconds.
  path: Assets/MediaPipeUnity/Samples/Common/Scripts/SpeakerHighlight.cs
  artifactKey: Guid(a9f577666b6f2436a9db46a45ac04e8e) Importer(815301076,1909f56bfc062723c751e8b465ee728b)
Start importing Assets/MediaPipeUnity/Samples/Common/Scripts/SpeakerHighlight.cs using Guid(a9f577666b6f2436a9db46a45ac04e8e) Importer(815301076,1909f56bfc062723c751e8b465ee728b) (PreviewImporter) -> (artifact id: '00000000000000000000000000000000') in 0.000560458 seconds
Import Error Code:(4)
Message: Build asset version error: assets/mediapipeunity/samples/common/scripts/speakerhighlight.cs in SourceAssetDB has modification time of '2026-09-16T03:48:34Z' while content on disk has modification time of '2026-09-16T03:48:45Z'
  ERROR: Build asset version error: assets/mediapipeunity/samples/common/scripts/speakerhighlight.cs in SourceAssetDB has modification time of '2026-09-16T03:48:34Z' while content on disk has modification time of '2026-09-16T03:48:45Z'
Number of updated asset objects reloaded before import = 0Number of asset objects unloaded after import = 0

========================================================================
Received Import Request.
  Time since last request: 0.099466 seconds.
  path: Assets/MediaPipeUnity/Samples/Common/Scripts/SpeakerHighlight.cs
  artifactKey: Guid(a9f577666b6f2436a9db46a45ac04e8e) Importer(815301076,1909f56bfc062723c751e8b465ee728b)
Start importing Assets/MediaPipeUnity/Samples/Common/Scripts/SpeakerHighlight.cs using Guid(a9f577666b6f2436a9db46a45ac04e8e) Importer(815301076,1909f56bfc062723c751e8b465ee728b) (PreviewImporter) -> (artifact id: '00000000000000000000000000000000') in 0.000654333 seconds
Import Error Code:(4)
Message: Build asset version error: assets/mediapipeunity/samples/common/scripts/speakerhighlight.cs in SourceAssetDB has modification time of '2026-09-16T03:48:34Z' while content on disk has modification time of '2026-09-16T03:48:45Z'
  ERROR: Build asset version error: assets/mediapipeunity/samples/common/scripts/speakerhighlight.cs in SourceAssetDB has modification time of '2026-09-16T03:48:34Z' while content on disk has modification time of '2026-09-16T03:48:45Z'
Number of updated asset objects reloaded before import = 0Number of asset objects unloaded after import = 0

========================================================================
Received Import Request.
  Time since last request: 0.197911 seconds.
  path: Assets/MediaPipeUnity/Samples/Common/Scripts/SpeakerHighlight.cs
  artifactKey: Guid(a9f577666b6f2436a9db46a45ac04e8e) Importer(815301076,1909f56bfc062723c751e8b465ee728b)
Start importing Assets/MediaPipeUnity/Samples/Common/Scripts/SpeakerHighlight.cs using Guid(a9f577666b6f2436a9db46a45ac04e8e) Importer(815301076,1909f56bfc062723c751e8b465ee728b) (PreviewImporter) -> (artifact id: '00000000000000000000000000000000') in 0.000572666 seconds
Import Error Code:(4)
Message: Build asset version error: assets/mediapipeunity/samples/common/scripts/speakerhighlight.cs in SourceAssetDB has modification time of '2026-09-16T03:48:34Z' while content on disk has modification time of '2026-09-16T03:48:45Z'
  ERROR: Build asset version error: assets/mediapipeunity/samples/common/scripts/speakerhighlight.cs in SourceAssetDB has modification time of '2026-09-16T03:48:34Z' while content on disk has modification time of '2026-09-16T03:48:45Z'
Number of updated asset objects reloaded before import = 0Number of asset objects unloaded after import = 0

========================================================================
Received Import Request.
  Time since last request: 0.098071 seconds.
  path: Assets/MediaPipeUnity/Samples/Common/Scripts/SpeakerHighlight.cs
  artifactKey: Guid(a9f577666b6f2436a9db46a45ac04e8e) Importer(815301076,1909f56bfc062723c751e8b465ee728b)
Start importing Assets/MediaPipeUnity/Samples/Common/Scripts/SpeakerHighlight.cs using Guid(a9f577666b6f2436a9db46a45ac04e8e) Importer(815301076,1909f56bfc062723c751e8b465ee728b) (PreviewImporter) -> (artifact id: '00000000000000000000000000000000') in 0.00028575 seconds
Import Error Code:(4)
Message: Build asset version error: assets/mediapipeunity/samples/common/scripts/speakerhighlight.cs in SourceAssetDB has modification time of '2026-09-16T03:48:34Z' while content on disk has modification time of '2026-09-16T03:48:45Z'
  ERROR: Build asset version error: assets/mediapipeunity/samples/common/scripts/speakerhighlight.cs in SourceAssetDB has modification time of '2026-09-16T03:48:34Z' while content on disk has modification time of '2026-09-16T03:48:45Z'
Number of updated asset objects reloaded before import = 0Number of asset objects unloaded after import = 0

========================================================================
Received Import Request.
  Time since last request: 0.200229 seconds.
  path: Assets/MediaPipeUnity/Samples/Common/Scripts/SpeakerHighlight.cs
  artifactKey: Guid(a9f577666b6f2436a9db46a45ac04e8e) Importer(815301076,1909f56bfc062723c751e8b465ee728b)
Start importing Assets/MediaPipeUnity/Samples/Common/Scripts/SpeakerHighlight.cs using Guid(a9f577666b6f2436a9db46a45ac04e8e) Importer(815301076,1909f56bfc062723c751e8b465ee728b) (PreviewImporter) -> (artifact id: '00000000000000000000000000000000') in 0.000522875 seconds
Import Error Code:(4)
Message: Build asset version error: assets/mediapipeunity/samples/common/scripts/speakerhighlight.cs in SourceAssetDB has modification time of '2026-09-16T03:48:34Z' while content on disk has modification time of '2026-09-16T03:48:45Z'
  ERROR: Build asset version error: assets/mediapipeunity/samples/common/scripts/speakerhighlight.cs in SourceAssetDB has modification time of '2026-09-16T03:48:34Z' while content on disk has modification time of '2026-09-16T03:48:45Z'
Number of updated asset objects reloaded before import = 0Number of asset objects unloaded after import = 0

========================================================================
Received Import Request.
  Time since last request: 0.199017 seconds.
  path: Assets/MediaPipeUnity/Samples/Common/Scripts/SpeakerHighlight.cs
  artifactKey: Guid(a9f577666b6f2436a9db46a45ac04e8e) Importer(815301076,1909f56bfc062723c751e8b465ee728b)
Start importing Assets/MediaPipeUnity/Samples/Common/Scripts/SpeakerHighlight.cs using Guid(a9f577666b6f2436a9db46a45ac04e8e) Importer(815301076,1909f56bfc062723c751e8b465ee728b) (PreviewImporter) -> (artifact id: '00000000000000000000000000000000') in 0.000568792 seconds
Import Error Code:(4)
Message: Build asset version error: assets/mediapipeunity/samples/common/scripts/speakerhighlight.cs in SourceAssetDB has modification time of '2026-09-16T03:48:34Z' while content on disk has modification time of '2026-09-16T03:48:45Z'
  ERROR: Build asset version error: assets/mediapipeunity/samples/common/scripts/speakerhighlight.cs in SourceAssetDB has modification time of '2026-09-16T03:48:34Z' while content on disk has modification time of '2026-09-16T03:48:45Z'
Number of updated asset objects reloaded before import = 0Number of asset objects unloaded after import = 0

========================================================================
Received Import Request.
  Time since last request: 0.198483 seconds.
  path: Assets/MediaPipeUnity/Samples/Common/Scripts/SpeakerHighlight.cs
  artifactKey: Guid(a9f577666b6f2436a9db46a45ac04e8e) Importer(815301076,1909f56bfc062723c751e8b465ee728b)
Start importing Assets/MediaPipeUnity/Samples/Common/Scripts/SpeakerHighlight.cs using Guid(a9f577666b6f2436a9db46a45ac04e8e) Importer(815301076,1909f56bfc062723c751e8b465ee728b) (PreviewImporter) -> (artifact id: '00000000000000000000000000000000') in 0.000291416 seconds
Import Error Code:(4)
Message: Build asset version error: assets/mediapipeunity/samples/common/scripts/speakerhighlight.cs in SourceAssetDB has modification time of '2026-09-16T03:48:34Z' while content on disk has modification time of '2026-09-16T03:48:45Z'
  ERROR: Build asset version error: assets/mediapipeunity/samples/common/scripts/speakerhighlight.cs in SourceAssetDB has modification time of '2026-09-16T03:48:34Z' while content on disk has modification time of '2026-09-16T03:48:45Z'
Number of updated asset objects reloaded before import = 0Number of asset objects unloaded after import = 0

========================================================================
Received Import Request.
  Time since last request: 0.199354 seconds.
  path: Assets/MediaPipeUnity/Samples/Common/Scripts/SpeakerHighlight.cs
  artifactKey: Guid(a9f577666b6f2436a9db46a45ac04e8e) Importer(815301076,1909f56bfc062723c751e8b465ee728b)
Start importing Assets/MediaPipeUnity/Samples/Common/Scripts/SpeakerHighlight.cs using Guid(a9f577666b6f2436a9db46a45ac04e8e) Importer(815301076,1909f56bfc062723c751e8b465ee728b) (PreviewImporter) -> (artifact id: '00000000000000000000000000000000') in 0.000399875 seconds
Import Error Code:(4)
Message: Build asset version error: assets/mediapipeunity/samples/common/scripts/speakerhighlight.cs in SourceAssetDB has modification time of '2026-09-16T03:48:34Z' while content on disk has modification time of '2026-09-16T03:48:45Z'
  ERROR: Build asset version error: assets/mediapipeunity/samples/common/scripts/speakerhighlight.cs in SourceAssetDB has modification time of '2026-09-16T03:48:34Z' while content on disk has modification time of '2026-09-16T03:48:45Z'
Number of updated asset objects reloaded before import = 0Number of asset objects unloaded after import = 0

========================================================================
Received Import Request.
  Time since last request: 0.097442 seconds.
  path: Assets/MediaPipeUnity/Samples/Common/Scripts/SpeakerHighlight.cs
  artifactKey: Guid(a9f577666b6f2436a9db46a45ac04e8e) Importer(815301076,1909f56bfc062723c751e8b465ee728b)
Start importing Assets/MediaPipeUnity/Samples/Common/Scripts/SpeakerHighlight.cs using Guid(a9f577666b6f2436a9db46a45ac04e8e) Importer(815301076,1909f56bfc062723c751e8b465ee728b) (PreviewImporter) -> (artifact id: '00000000000000000000000000000000') in 0.000247625 seconds
Import Error Code:(4)
Message: Build asset version error: assets/mediapipeunity/samples/common/scripts/speakerhighlight.cs in SourceAssetDB has modification time of '2026-09-16T03:48:34Z' while content on disk has modification time of '2026-09-16T03:48:45Z'
  ERROR: Build asset version error: assets/mediapipeunity/samples/common/scripts/speakerhighlight.cs in SourceAssetDB has modification time of '2026-09-16T03:48:34Z' while content on disk has modification time of '2026-09-16T03:48:45Z'
Number of updated asset objects reloaded before import = 0Number of asset objects unloaded after import = 0

========================================================================
Received Import Request.
  Time since last request: 0.200446 seconds.
  path: Assets/MediaPipeUnity/Samples/Common/Scripts/SpeakerHighlight.cs
  artifactKey: Guid(a9f577666b6f2436a9db46a45ac04e8e) Importer(815301076,1909f56bfc062723c751e8b465ee728b)
Start importing Assets/MediaPipeUnity/Samples/Common/Scripts/SpeakerHighlight.cs using Guid(a9f577666b6f2436a9db46a45ac04e8e) Importer(815301076,1909f56bfc062723c751e8b465ee728b) (PreviewImporter) -> (artifact id: '00000000000000000000000000000000') in 0.000370708 seconds
Import Error Code:(4)
Message: Build asset version error: assets/mediapipeunity/samples/common/scripts/speakerhighlight.cs in SourceAssetDB has modification time of '2026-09-16T03:48:34Z' while content on disk has modification time of '2026-09-16T03:48:45Z'
  ERROR: Build asset version error: assets/mediapipeunity/samples/common/scripts/speakerhighlight.cs in SourceAssetDB has modification time of '2026-09-16T03:48:34Z' while content on disk has modification time of '2026-09-16T03:48:45Z'
Number of updated asset objects reloaded before import = 0Number of asset objects unloaded after import = 0

========================================================================
Received Import Request.
  Time since last request: 0.100665 seconds.
  path: Assets/MediaPipeUnity/Samples/Common/Scripts/SpeakerHighlight.cs
  artifactKey: Guid(a9f577666b6f2436a9db46a45ac04e8e) Importer(815301076,1909f56bfc062723c751e8b465ee728b)
Start importing Assets/MediaPipeUnity/Samples/Common/Scripts/SpeakerHighlight.cs using Guid(a9f577666b6f2436a9db46a45ac04e8e) Importer(815301076,1909f56bfc062723c751e8b465ee728b) (PreviewImporter) -> (artifact id: '00000000000000000000000000000000') in 0.000339166 seconds
Import Error Code:(4)
Message: Build asset version error: assets/mediapipeunity/samples/common/scripts/speakerhighlight.cs in SourceAssetDB has modification time of '2026-09-16T03:48:34Z' while content on disk has modification time of '2026-09-16T03:48:45Z'
  ERROR: Build asset version error: assets/mediapipeunity/samples/common/scripts/speakerhighlight.cs in SourceAssetDB has modification time of '2026-09-16T03:48:34Z' while content on disk has modification time of '2026-09-16T03:48:45Z'
Number of updated asset objects reloaded before import = 0Number of asset objects unloaded after import = 0

========================================================================
Received Import Request.
  Time since last request: 0.195391 seconds.
  path: Assets/MediaPipeUnity/Samples/Common/Scripts/SpeakerHighlight.cs
  artifactKey: Guid(a9f577666b6f2436a9db46a45ac04e8e) Importer(815301076,1909f56bfc062723c751e8b465ee728b)
Start importing Assets/MediaPipeUnity/Samples/Common/Scripts/SpeakerHighlight.cs using Guid(a9f577666b6f2436a9db46a45ac04e8e) Importer(815301076,1909f56bfc062723c751e8b465ee728b) (PreviewImporter) -> (artifact id: '00000000000000000000000000000000') in 0.000410166 seconds
Import Error Code:(4)
Message: Build asset version error: assets/mediapipeunity/samples/common/scripts/speakerhighlight.cs in SourceAssetDB has modification time of '2026-09-16T03:48:34Z' while content on disk has modification time of '2026-09-16T03:48:45Z'
  ERROR: Build asset version error: assets/mediapipeunity/samples/common/scripts/speakerhighlight.cs in SourceAssetDB has modification time of '2026-09-16T03:48:34Z' while content on disk has modification time of '2026-09-16T03:48:45Z'
Number of updated asset objects reloaded before import = 0Number of asset objects unloaded after import = 0

========================================================================
Received Import Request.
  Time since last request: 0.099120 seconds.
  path: Assets/MediaPipeUnity/Samples/Common/Scripts/SpeakerHighlight.cs
  artifactKey: Guid(a9f577666b6f2436a9db46a45ac04e8e) Importer(815301076,1909f56bfc062723c751e8b465ee728b)
Start importing Assets/MediaPipeUnity/Samples/Common/Scripts/SpeakerHighlight.cs using Guid(a9f577666b6f2436a9db46a45ac04e8e) Importer(815301076,1909f56bfc062723c751e8b465ee728b) (PreviewImporter) -> (artifact id: '00000000000000000000000000000000') in 0.000300958 seconds
Import Error Code:(4)
Message: Build asset version error: assets/mediapipeunity/samples/common/scripts/speakerhighlight.cs in SourceAssetDB has modification time of '2026-09-16T03:48:34Z' while content on disk has modification time of '2026-09-16T03:48:45Z'
  ERROR: Build asset version error: assets/mediapipeunity/samples/common/scripts/speakerhighlight.cs in SourceAssetDB has modification time of '2026-09-16T03:48:34Z' while content on disk has modification time of '2026-09-16T03:48:45Z'
Number of updated asset objects reloaded before import = 0Number of asset objects unloaded after import = 0

========================================================================
Received Import Request.
  Time since last request: 0.100766 seconds.
  path: Assets/MediaPipeUnity/Samples/Common/Scripts/SpeakerHighlight.cs
  artifactKey: Guid(a9f577666b6f2436a9db46a45ac04e8e) Importer(815301076,1909f56bfc062723c751e8b465ee728b)
Start importing Assets/MediaPipeUnity/Samples/Common/Scripts/SpeakerHighlight.cs using Guid(a9f577666b6f2436a9db46a45ac04e8e) Importer(815301076,1909f56bfc062723c751e8b465ee728b) (PreviewImporter) -> (artifact id: '00000000000000000000000000000000') in 0.000377666 seconds
Import Error Code:(4)
Message: Build asset version error: assets/mediapipeunity/samples/common/scripts/speakerhighlight.cs in SourceAssetDB has modification time of '2026-09-16T03:48:34Z' while content on disk has modification time of '2026-09-16T03:48:45Z'
  ERROR: Build asset version error: assets/mediapipeunity/samples/common/scripts/speakerhighlight.cs in SourceAssetDB has modification time of '2026-09-16T03:48:34Z' while content on disk has modification time of '2026-09-16T03:48:45Z'
Number of updated asset objects reloaded before import = 0Number of asset objects unloaded after import = 0

========================================================================
Received Import Request.
  Time since last request: 0.197760 seconds.
  path: Assets/MediaPipeUnity/Samples/Common/Scripts/SpeakerHighlight.cs
  artifactKey: Guid(a9f577666b6f2436a9db46a45ac04e8e) Importer(815301076,1909f56bfc062723c751e8b465ee728b)
Start importing Assets/MediaPipeUnity/Samples/Common/Scripts/SpeakerHighlight.cs using Guid(a9f577666b6f2436a9db46a45ac04e8e) Importer(815301076,1909f56bfc062723c751e8b465ee728b) (PreviewImporter) -> (artifact id: '00000000000000000000000000000000') in 0.000681417 seconds
Import Error Code:(4)
Message: Build asset version error: assets/mediapipeunity/samples/common/scripts/speakerhighlight.cs in SourceAssetDB has modification time of '2026-09-16T03:48:34Z' while content on disk has modification time of '2026-09-16T03:48:45Z'
  ERROR: Build asset version error: assets/mediapipeunity/samples/common/scripts/speakerhighlight.cs in SourceAssetDB has modification time of '2026-09-16T03:48:34Z' while content on disk has modification time of '2026-09-16T03:48:45Z'
Number of updated asset objects reloaded before import = 0Number of asset objects unloaded after import = 0

========================================================================
Received Import Request.
  Time since last request: 0.097015 seconds.
  path: Assets/MediaPipeUnity/Samples/Common/Scripts/SpeakerHighlight.cs
  artifactKey: Guid(a9f577666b6f2436a9db46a45ac04e8e) Importer(815301076,1909f56bfc062723c751e8b465ee728b)
Start importing Assets/MediaPipeUnity/Samples/Common/Scripts/SpeakerHighlight.cs using Guid(a9f577666b6f2436a9db46a45ac04e8e) Importer(815301076,1909f56bfc062723c751e8b465ee728b) (PreviewImporter) -> (artifact id: '00000000000000000000000000000000') in 0.000495416 seconds
Import Error Code:(4)
Message: Build asset version error: assets/mediapipeunity/samples/common/scripts/speakerhighlight.cs in SourceAssetDB has modification time of '2026-09-16T03:48:34Z' while content on disk has modification time of '2026-09-16T03:48:45Z'
  ERROR: Build asset version error: assets/mediapipeunity/samples/common/scripts/speakerhighlight.cs in SourceAssetDB has modification time of '2026-09-16T03:48:34Z' while content on disk has modification time of '2026-09-16T03:48:45Z'
Number of updated asset objects reloaded before import = 0Number of asset objects unloaded after import = 0

========================================================================
Received Import Request.
  Time since last request: 0.096836 seconds.
  path: Assets/MediaPipeUnity/Samples/Common/Scripts/SpeakerHighlight.cs
  artifactKey: Guid(a9f577666b6f2436a9db46a45ac04e8e) Importer(815301076,1909f56bfc062723c751e8b465ee728b)
Start importing Assets/MediaPipeUnity/Samples/Common/Scripts/SpeakerHighlight.cs using Guid(a9f577666b6f2436a9db46a45ac04e8e) Importer(815301076,1909f56bfc062723c751e8b465ee728b) (PreviewImporter) -> (artifact id: '00000000000000000000000000000000') in 0.000493417 seconds
Import Error Code:(4)
Message: Build asset version error: assets/mediapipeunity/samples/common/scripts/speakerhighlight.cs in SourceAssetDB has modification time of '2026-09-16T03:48:34Z' while content on disk has modification time of '2026-09-16T03:48:45Z'
  ERROR: Build asset version error: assets/mediapipeunity/samples/common/scripts/speakerhighlight.cs in SourceAssetDB has modification time of '2026-09-16T03:48:34Z' while content on disk has modification time of '2026-09-16T03:48:45Z'
Number of updated asset objects reloaded before import = 0Number of asset objects unloaded after import = 0

========================================================================
Received Import Request.
  Time since last request: 1.008108 seconds.
  path: Assets/MediaPipeUnity/Samples/Common/Scripts/SpeakerHighlight.cs
  artifactKey: Guid(a9f577666b6f2436a9db46a45ac04e8e) Importer(815301076,1909f56bfc062723c751e8b465ee728b)
Start importing Assets/MediaPipeUnity/Samples/Common/Scripts/SpeakerHighlight.cs using Guid(a9f577666b6f2436a9db46a45ac04e8e) Importer(815301076,1909f56bfc062723c751e8b465ee728b) (PreviewImporter) -> (artifact id: '00000000000000000000000000000000') in 0.000439625 seconds
Import Error Code:(4)
Message: Build asset version error: assets/mediapipeunity/samples/common/scripts/speakerhighlight.cs in SourceAssetDB has modification time of '2026-09-16T03:48:34Z' while content on disk has modification time of '2026-09-16T03:48:45Z'
  ERROR: Build asset version error: assets/mediapipeunity/samples/common/scripts/speakerhighlight.cs in SourceAssetDB has modification time of '2026-09-16T03:48:34Z' while content on disk has modification time of '2026-09-16T03:48:45Z'
Number of updated asset objects reloaded before import = 0Number of asset objects unloaded after import = 0

========================================================================
Received Import Request.
  Time since last request: 0.087856 seconds.
  path: Assets/MediaPipeUnity/Samples/Common/Scripts/SpeakerHighlight.cs
  artifactKey: Guid(a9f577666b6f2436a9db46a45ac04e8e) Importer(815301076,1909f56bfc062723c751e8b465ee728b)
Start importing Assets/MediaPipeUnity/Samples/Common/Scripts/SpeakerHighlight.cs using Guid(a9f577666b6f2436a9db46a45ac04e8e) Importer(815301076,1909f56bfc062723c751e8b465ee728b) (PreviewImporter) -> (artifact id: '00000000000000000000000000000000') in 0.000606959 seconds
Import Error Code:(4)
Message: Build asset version error: assets/mediapipeunity/samples/common/scripts/speakerhighlight.cs in SourceAssetDB has modification time of '2026-09-16T03:48:34Z' while content on disk has modification time of '2026-09-16T03:48:45Z'
  ERROR: Build asset version error: assets/mediapipeunity/samples/common/scripts/speakerhighlight.cs in SourceAssetDB has modification time of '2026-09-16T03:48:34Z' while content on disk has modification time of '2026-09-16T03:48:45Z'
Number of updated asset objects reloaded before import = 0Number of asset objects unloaded after import = 0

========================================================================
Received Import Request.
  Time since last request: 0.098148 seconds.
  path: Assets/MediaPipeUnity/Samples/Common/Scripts/SpeakerHighlight.cs
  artifactKey: Guid(a9f577666b6f2436a9db46a45ac04e8e) Importer(815301076,1909f56bfc062723c751e8b465ee728b)
Start importing Assets/MediaPipeUnity/Samples/Common/Scripts/SpeakerHighlight.cs using Guid(a9f577666b6f2436a9db46a45ac04e8e) Importer(815301076,1909f56bfc062723c751e8b465ee728b) (PreviewImporter) -> (artifact id: '00000000000000000000000000000000') in 0.000474292 seconds
Import Error Code:(4)
Message: Build asset version error: assets/mediapipeunity/samples/common/scripts/speakerhighlight.cs in SourceAssetDB has modification time of '2026-09-16T03:48:34Z' while content on disk has modification time of '2026-09-16T03:48:45Z'
  ERROR: Build asset version error: assets/mediapipeunity/samples/common/scripts/speakerhighlight.cs in SourceAssetDB has modification time of '2026-09-16T03:48:34Z' while content on disk has modification time of '2026-09-16T03:48:45Z'
Number of updated asset objects reloaded before import = 0Number of asset objects unloaded after import = 0

========================================================================
Received Import Request.
  Time since last request: 0.100678 seconds.
  path: Assets/MediaPipeUnity/Samples/Common/Scripts/SpeakerHighlight.cs
  artifactKey: Guid(a9f577666b6f2436a9db46a45ac04e8e) Importer(815301076,1909f56bfc062723c751e8b465ee728b)
Start importing Assets/MediaPipeUnity/Samples/Common/Scripts/SpeakerHighlight.cs using Guid(a9f577666b6f2436a9db46a45ac04e8e) Importer(815301076,1909f56bfc062723c751e8b465ee728b) (PreviewImporter) -> (artifact id: '00000000000000000000000000000000') in 0.000536 seconds
Import Error Code:(4)
Message: Build asset version error: assets/mediapipeunity/samples/common/scripts/speakerhighlight.cs in SourceAssetDB has modification time of '2026-09-16T03:48:34Z' while content on disk has modification time of '2026-09-16T03:48:45Z'
  ERROR: Build asset version error: assets/mediapipeunity/samples/common/scripts/speakerhighlight.cs in SourceAssetDB has modification time of '2026-09-16T03:48:34Z' while content on disk has modification time of '2026-09-16T03:48:45Z'
Number of updated asset objects reloaded before import = 0Number of asset objects unloaded after import = 0

========================================================================
Received Import Request.
  Time since last request: 0.201208 seconds.
  path: Assets/MediaPipeUnity/Samples/Common/Scripts/SpeakerHighlight.cs
  artifactKey: Guid(a9f577666b6f2436a9db46a45ac04e8e) Importer(815301076,1909f56bfc062723c751e8b465ee728b)
Start importing Assets/MediaPipeUnity/Samples/Common/Scripts/SpeakerHighlight.cs using Guid(a9f577666b6f2436a9db46a45ac04e8e) Importer(815301076,1909f56bfc062723c751e8b465ee728b) (PreviewImporter) -> (artifact id: '00000000000000000000000000000000') in 0.000438834 seconds
Import Error Code:(4)
Message: Build asset version error: assets/mediapipeunity/samples/common/scripts/speakerhighlight.cs in SourceAssetDB has modification time of '2026-09-16T03:48:34Z' while content on disk has modification time of '2026-09-16T03:48:45Z'
  ERROR: Build asset version error: assets/mediapipeunity/samples/common/scripts/speakerhighlight.cs in SourceAssetDB has modification time of '2026-09-16T03:48:34Z' while content on disk has modification time of '2026-09-16T03:48:45Z'
Number of updated asset objects reloaded before import = 0Number of asset objects unloaded after import = 0

========================================================================
Received Import Request.
  Time since last request: 0.198366 seconds.
  path: Assets/MediaPipeUnity/Samples/Common/Scripts/SpeakerHighlight.cs
  artifactKey: Guid(a9f577666b6f2436a9db46a45ac04e8e) Importer(815301076,1909f56bfc062723c751e8b465ee728b)
Start importing Assets/MediaPipeUnity/Samples/Common/Scripts/SpeakerHighlight.cs using Guid(a9f577666b6f2436a9db46a45ac04e8e) Importer(815301076,1909f56bfc062723c751e8b465ee728b) (PreviewImporter) -> (artifact id: '00000000000000000000000000000000') in 0.000255334 seconds
Import Error Code:(4)
Message: Build asset version error: assets/mediapipeunity/samples/common/scripts/speakerhighlight.cs in SourceAssetDB has modification time of '2026-09-16T03:48:34Z' while content on disk has modification time of '2026-09-16T03:48:45Z'
  ERROR: Build asset version error: assets/mediapipeunity/samples/common/scripts/speakerhighlight.cs in SourceAssetDB has modification time of '2026-09-16T03:48:34Z' while content on disk has modification time of '2026-09-16T03:48:45Z'
Number of updated asset objects reloaded before import = 0Number of asset objects unloaded after import = 0

========================================================================
Received Import Request.
  Time since last request: 0.099513 seconds.
  path: Assets/MediaPipeUnity/Samples/Common/Scripts/SpeakerHighlight.cs
  artifactKey: Guid(a9f577666b6f2436a9db46a45ac04e8e) Importer(815301076,1909f56bfc062723c751e8b465ee728b)
Start importing Assets/MediaPipeUnity/Samples/Common/Scripts/SpeakerHighlight.cs using Guid(a9f577666b6f2436a9db46a45ac04e8e) Importer(815301076,1909f56bfc062723c751e8b465ee728b) (PreviewImporter) -> (artifact id: '00000000000000000000000000000000') in 0.000500584 seconds
Import Error Code:(4)
Message: Build asset version error: assets/mediapipeunity/samples/common/scripts/speakerhighlight.cs in SourceAssetDB has modification time of '2026-09-16T03:48:34Z' while content on disk has modification time of '2026-09-16T03:48:45Z'
  ERROR: Build asset version error: assets/mediapipeunity/samples/common/scripts/speakerhighlight.cs in SourceAssetDB has modification time of '2026-09-16T03:48:34Z' while content on disk has modification time of '2026-09-16T03:48:45Z'
Number of updated asset objects reloaded before import = 0Number of asset objects unloaded after import = 0

========================================================================
Received Import Request.
  Time since last request: 0.207569 seconds.
  path: Assets/MediaPipeUnity/Samples/Common/Scripts/SpeakerHighlight.cs
  artifactKey: Guid(a9f577666b6f2436a9db46a45ac04e8e) Importer(815301076,1909f56bfc062723c751e8b465ee728b)
Start importing Assets/MediaPipeUnity/Samples/Common/Scripts/SpeakerHighlight.cs using Guid(a9f577666b6f2436a9db46a45ac04e8e) Importer(815301076,1909f56bfc062723c751e8b465ee728b) (PreviewImporter) -> (artifact id: '00000000000000000000000000000000') in 0.000370458 seconds
Import Error Code:(4)
Message: Build asset version error: assets/mediapipeunity/samples/common/scripts/speakerhighlight.cs in SourceAssetDB has modification time of '2026-09-16T03:48:34Z' while content on disk has modification time of '2026-09-16T03:48:45Z'
  ERROR: Build asset version error: assets/mediapipeunity/samples/common/scripts/speakerhighlight.cs in SourceAssetDB has modification time of '2026-09-16T03:48:34Z' while content on disk has modification time of '2026-09-16T03:48:45Z'
Number of updated asset objects reloaded before import = 0Number of asset objects unloaded after import = 0

========================================================================
Received Import Request.
  Time since last request: 0.190087 seconds.
  path: Assets/MediaPipeUnity/Samples/Common/Scripts/SpeakerHighlight.cs
  artifactKey: Guid(a9f577666b6f2436a9db46a45ac04e8e) Importer(815301076,1909f56bfc062723c751e8b465ee728b)
Start importing Assets/MediaPipeUnity/Samples/Common/Scripts/SpeakerHighlight.cs using Guid(a9f577666b6f2436a9db46a45ac04e8e) Importer(815301076,1909f56bfc062723c751e8b465ee728b) (PreviewImporter) -> (artifact id: '00000000000000000000000000000000') in 0.000347208 seconds
Import Error Code:(4)
Message: Build asset version error: assets/mediapipeunity/samples/common/scripts/speakerhighlight.cs in SourceAssetDB has modification time of '2026-09-16T03:48:34Z' while content on disk has modification time of '2026-09-16T03:48:45Z'
  ERROR: Build asset version error: assets/mediapipeunity/samples/common/scripts/speakerhighlight.cs in SourceAssetDB has modification time of '2026-09-16T03:48:34Z' while content on disk has modification time of '2026-09-16T03:48:45Z'
Number of updated asset objects reloaded before import = 0Number of asset objects unloaded after import = 0

========================================================================
Received Import Request.
  Time since last request: 0.196712 seconds.
  path: Assets/MediaPipeUnity/Samples/Common/Scripts/SpeakerHighlight.cs
  artifactKey: Guid(a9f577666b6f2436a9db46a45ac04e8e) Importer(815301076,1909f56bfc062723c751e8b465ee728b)
Start importing Assets/MediaPipeUnity/Samples/Common/Scripts/SpeakerHighlight.cs using Guid(a9f577666b6f2436a9db46a45ac04e8e) Importer(815301076,1909f56bfc062723c751e8b465ee728b) (PreviewImporter) -> (artifact id: '00000000000000000000000000000000') in 0.000484834 seconds
Import Error Code:(4)
Message: Build asset version error: assets/mediapipeunity/samples/common/scripts/speakerhighlight.cs in SourceAssetDB has modification time of '2026-09-16T03:48:34Z' while content on disk has modification time of '2026-09-16T03:48:45Z'
  ERROR: Build asset version error: assets/mediapipeunity/samples/common/scripts/speakerhighlight.cs in SourceAssetDB has modification time of '2026-09-16T03:48:34Z' while content on disk has modification time of '2026-09-16T03:48:45Z'
Number of updated asset objects reloaded before import = 0Number of asset objects unloaded after import = 0

========================================================================
Received Import Request.
  Time since last request: 0.099289 seconds.
  path: Assets/MediaPipeUnity/Samples/Common/Scripts/SpeakerHighlight.cs
  artifactKey: Guid(a9f577666b6f2436a9db46a45ac04e8e) Importer(815301076,1909f56bfc062723c751e8b465ee728b)
Start importing Assets/MediaPipeUnity/Samples/Common/Scripts/SpeakerHighlight.cs using Guid(a9f577666b6f2436a9db46a45ac04e8e) Importer(815301076,1909f56bfc062723c751e8b465ee728b) (PreviewImporter) -> (artifact id: '00000000000000000000000000000000') in 0.000541833 seconds
Import Error Code:(4)
Message: Build asset version error: assets/mediapipeunity/samples/common/scripts/speakerhighlight.cs in SourceAssetDB has modification time of '2026-09-16T03:48:34Z' while content on disk has modification time of '2026-09-16T03:48:45Z'
  ERROR: Build asset version error: assets/mediapipeunity/samples/common/scripts/speakerhighlight.cs in SourceAssetDB has modification time of '2026-09-16T03:48:34Z' while content on disk has modification time of '2026-09-16T03:48:45Z'
Number of updated asset objects reloaded before import = 0Number of asset objects unloaded after import = 0

========================================================================
Received Import Request.
  Time since last request: 0.198541 seconds.
  path: Assets/MediaPipeUnity/Samples/Common/Scripts/SpeakerHighlight.cs
  artifactKey: Guid(a9f577666b6f2436a9db46a45ac04e8e) Importer(815301076,1909f56bfc062723c751e8b465ee728b)
Start importing Assets/MediaPipeUnity/Samples/Common/Scripts/SpeakerHighlight.cs using Guid(a9f577666b6f2436a9db46a45ac04e8e) Importer(815301076,1909f56bfc062723c751e8b465ee728b) (PreviewImporter) -> (artifact id: '00000000000000000000000000000000') in 0.000392958 seconds
Import Error Code:(4)
Message: Build asset version error: assets/mediapipeunity/samples/common/scripts/speakerhighlight.cs in SourceAssetDB has modification time of '2026-09-16T03:48:34Z' while content on disk has modification time of '2026-09-16T03:48:45Z'
  ERROR: Build asset version error: assets/mediapipeunity/samples/common/scripts/speakerhighlight.cs in SourceAssetDB has modification time of '2026-09-16T03:48:34Z' while content on disk has modification time of '2026-09-16T03:48:45Z'
Number of updated asset objects reloaded before import = 0Number of asset objects unloaded after import = 0

========================================================================
Received Import Request.
  Time since last request: 0.100669 seconds.
  path: Assets/MediaPipeUnity/Samples/Common/Scripts/SpeakerHighlight.cs
  artifactKey: Guid(a9f577666b6f2436a9db46a45ac04e8e) Importer(815301076,1909f56bfc062723c751e8b465ee728b)
Start importing Assets/MediaPipeUnity/Samples/Common/Scripts/SpeakerHighlight.cs using Guid(a9f577666b6f2436a9db46a45ac04e8e) Importer(815301076,1909f56bfc062723c751e8b465ee728b) (PreviewImporter) -> (artifact id: '00000000000000000000000000000000') in 0.000599041 seconds
Import Error Code:(4)
Message: Build asset version error: assets/mediapipeunity/samples/common/scripts/speakerhighlight.cs in SourceAssetDB has modification time of '2026-09-16T03:48:34Z' while content on disk has modification time of '2026-09-16T03:48:45Z'
  ERROR: Build asset version error: assets/mediapipeunity/samples/common/scripts/speakerhighlight.cs in SourceAssetDB has modification time of '2026-09-16T03:48:34Z' while content on disk has modification time of '2026-09-16T03:48:45Z'
Number of updated asset objects reloaded before import = 0Number of asset objects unloaded after import = 0

========================================================================
Received Import Request.
  Time since last request: 0.098639 seconds.
  path: Assets/MediaPipeUnity/Samples/Common/Scripts/SpeakerHighlight.cs
  artifactKey: Guid(a9f577666b6f2436a9db46a45ac04e8e) Importer(815301076,1909f56bfc062723c751e8b465ee728b)
Start importing Assets/MediaPipeUnity/Samples/Common/Scripts/SpeakerHighlight.cs using Guid(a9f577666b6f2436a9db46a45ac04e8e) Importer(815301076,1909f56bfc062723c751e8b465ee728b) (PreviewImporter) -> (artifact id: '00000000000000000000000000000000') in 0.00042875 seconds
Import Error Code:(4)
Message: Build asset version error: assets/mediapipeunity/samples/common/scripts/speakerhighlight.cs in SourceAssetDB has modification time of '2026-09-16T03:48:34Z' while content on disk has modification time of '2026-09-16T03:48:45Z'
  ERROR: Build asset version error: assets/mediapipeunity/samples/common/scripts/speakerhighlight.cs in SourceAssetDB has modification time of '2026-09-16T03:48:34Z' while content on disk has modification time of '2026-09-16T03:48:45Z'
Number of updated asset objects reloaded before import = 0Number of asset objects unloaded after import = 0

========================================================================
Received Import Request.
  Time since last request: 0.195763 seconds.
  path: Assets/MediaPipeUnity/Samples/Common/Scripts/SpeakerHighlight.cs
  artifactKey: Guid(a9f577666b6f2436a9db46a45ac04e8e) Importer(815301076,1909f56bfc062723c751e8b465ee728b)
Start importing Assets/MediaPipeUnity/Samples/Common/Scripts/SpeakerHighlight.cs using Guid(a9f577666b6f2436a9db46a45ac04e8e) Importer(815301076,1909f56bfc062723c751e8b465ee728b) (PreviewImporter) -> (artifact id: '00000000000000000000000000000000') in 0.0004125 seconds
Import Error Code:(4)
Message: Build asset version error: assets/mediapipeunity/samples/common/scripts/speakerhighlight.cs in SourceAssetDB has modification time of '2026-09-16T03:48:34Z' while content on disk has modification time of '2026-09-16T03:48:45Z'
  ERROR: Build asset version error: assets/mediapipeunity/samples/common/scripts/speakerhighlight.cs in SourceAssetDB has modification time of '2026-09-16T03:48:34Z' while content on disk has modification time of '2026-09-16T03:48:45Z'
Number of updated asset objects reloaded before import = 0Number of asset objects unloaded after import = 0

========================================================================
Received Import Request.
  Time since last request: 0.201633 seconds.
  path: Assets/MediaPipeUnity/Samples/Common/Scripts/SpeakerHighlight.cs
  artifactKey: Guid(a9f577666b6f2436a9db46a45ac04e8e) Importer(815301076,1909f56bfc062723c751e8b465ee728b)
Start importing Assets/MediaPipeUnity/Samples/Common/Scripts/SpeakerHighlight.cs using Guid(a9f577666b6f2436a9db46a45ac04e8e) Importer(815301076,1909f56bfc062723c751e8b465ee728b) (PreviewImporter) -> (artifact id: '00000000000000000000000000000000') in 0.000406916 seconds
Import Error Code:(4)
Message: Build asset version error: assets/mediapipeunity/samples/common/scripts/speakerhighlight.cs in SourceAssetDB has modification time of '2026-09-16T03:48:34Z' while content on disk has modification time of '2026-09-16T03:48:45Z'
  ERROR: Build asset version error: assets/mediapipeunity/samples/common/scripts/speakerhighlight.cs in SourceAssetDB has modification time of '2026-09-16T03:48:34Z' while content on disk has modification time of '2026-09-16T03:48:45Z'
Number of updated asset objects reloaded before import = 0Number of asset objects unloaded after import = 0

========================================================================
Received Import Request.
  Time since last request: 0.097533 seconds.
  path: Assets/MediaPipeUnity/Samples/Common/Scripts/SpeakerHighlight.cs
  artifactKey: Guid(a9f577666b6f2436a9db46a45ac04e8e) Importer(815301076,1909f56bfc062723c751e8b465ee728b)
Start importing Assets/MediaPipeUnity/Samples/Common/Scripts/SpeakerHighlight.cs using Guid(a9f577666b6f2436a9db46a45ac04e8e) Importer(815301076,1909f56bfc062723c751e8b465ee728b) (PreviewImporter) -> (artifact id: '00000000000000000000000000000000') in 0.00036125 seconds
Import Error Code:(4)
Message: Build asset version error: assets/mediapipeunity/samples/common/scripts/speakerhighlight.cs in SourceAssetDB has modification time of '2026-09-16T03:48:34Z' while content on disk has modification time of '2026-09-16T03:48:45Z'
  ERROR: Build asset version error: assets/mediapipeunity/samples/common/scripts/speakerhighlight.cs in SourceAssetDB has modification time of '2026-09-16T03:48:34Z' while content on disk has modification time of '2026-09-16T03:48:45Z'
Number of updated asset objects reloaded before import = 0Number of asset objects unloaded after import = 0

========================================================================
Received Import Request.
  Time since last request: 0.197852 seconds.
  path: Assets/MediaPipeUnity/Samples/Common/Scripts/SpeakerHighlight.cs
  artifactKey: Guid(a9f577666b6f2436a9db46a45ac04e8e) Importer(815301076,1909f56bfc062723c751e8b465ee728b)
Start importing Assets/MediaPipeUnity/Samples/Common/Scripts/SpeakerHighlight.cs using Guid(a9f577666b6f2436a9db46a45ac04e8e) Importer(815301076,1909f56bfc062723c751e8b465ee728b) (PreviewImporter) -> (artifact id: '00000000000000000000000000000000') in 0.000579416 seconds
Import Error Code:(4)
Message: Build asset version error: assets/mediapipeunity/samples/common/scripts/speakerhighlight.cs in SourceAssetDB has modification time of '2026-09-16T03:48:34Z' while content on disk has modification time of '2026-09-16T03:48:45Z'
  ERROR: Build asset version error: assets/mediapipeunity/samples/common/scripts/speakerhighlight.cs in SourceAssetDB has modification time of '2026-09-16T03:48:34Z' while content on disk has modification time of '2026-09-16T03:48:45Z'
Number of updated asset objects reloaded before import = 0Number of asset objects unloaded after import = 0

========================================================================
Received Import Request.
  Time since last request: 0.099302 seconds.
  path: Assets/MediaPipeUnity/Samples/Common/Scripts/SpeakerHighlight.cs
  artifactKey: Guid(a9f577666b6f2436a9db46a45ac04e8e) Importer(815301076,1909f56bfc062723c751e8b465ee728b)
Start importing Assets/MediaPipeUnity/Samples/Common/Scripts/SpeakerHighlight.cs using Guid(a9f577666b6f2436a9db46a45ac04e8e) Importer(815301076,1909f56bfc062723c751e8b465ee728b) (PreviewImporter) -> (artifact id: '00000000000000000000000000000000') in 0.000283292 seconds
Import Error Code:(4)
Message: Build asset version error: assets/mediapipeunity/samples/common/scripts/speakerhighlight.cs in SourceAssetDB has modification time of '2026-09-16T03:48:34Z' while content on disk has modification time of '2026-09-16T03:48:45Z'
  ERROR: Build asset version error: assets/mediapipeunity/samples/common/scripts/speakerhighlight.cs in SourceAssetDB has modification time of '2026-09-16T03:48:34Z' while content on disk has modification time of '2026-09-16T03:48:45Z'
Number of updated asset objects reloaded before import = 0Number of asset objects unloaded after import = 0

========================================================================
Received Import Request.
  Time since last request: 0.199667 seconds.
  path: Assets/MediaPipeUnity/Samples/Common/Scripts/SpeakerHighlight.cs
  artifactKey: Guid(a9f577666b6f2436a9db46a45ac04e8e) Importer(815301076,1909f56bfc062723c751e8b465ee728b)
Start importing Assets/MediaPipeUnity/Samples/Common/Scripts/SpeakerHighlight.cs using Guid(a9f577666b6f2436a9db46a45ac04e8e) Importer(815301076,1909f56bfc062723c751e8b465ee728b) (PreviewImporter) -> (artifact id: '00000000000000000000000000000000') in 0.000386625 seconds
Import Error Code:(4)
Message: Build asset version error: assets/mediapipeunity/samples/common/scripts/speakerhighlight.cs in SourceAssetDB has modification time of '2026-09-16T03:48:34Z' while content on disk has modification time of '2026-09-16T03:48:45Z'
  ERROR: Build asset version error: assets/mediapipeunity/samples/common/scripts/speakerhighlight.cs in SourceAssetDB has modification time of '2026-09-16T03:48:34Z' while content on disk has modification time of '2026-09-16T03:48:45Z'
Number of updated asset objects reloaded before import = 0Number of asset objects unloaded after import = 0

========================================================================
Received Import Request.
  Time since last request: 0.193596 seconds.
  path: Assets/MediaPipeUnity/Samples/Common/Scripts/SpeakerHighlight.cs
  artifactKey: Guid(a9f577666b6f2436a9db46a45ac04e8e) Importer(815301076,1909f56bfc062723c751e8b465ee728b)
Start importing Assets/MediaPipeUnity/Samples/Common/Scripts/SpeakerHighlight.cs using Guid(a9f577666b6f2436a9db46a45ac04e8e) Importer(815301076,1909f56bfc062723c751e8b465ee728b) (PreviewImporter) -> (artifact id: '00000000000000000000000000000000') in 0.000319541 seconds
Import Error Code:(4)
Message: Build asset version error: assets/mediapipeunity/samples/common/scripts/speakerhighlight.cs in SourceAssetDB has modification time of '2026-09-16T03:48:34Z' while content on disk has modification time of '2026-09-16T03:48:45Z'
  ERROR: Build asset version error: assets/mediapipeunity/samples/common/scripts/speakerhighlight.cs in SourceAssetDB has modification time of '2026-09-16T03:48:34Z' while content on disk has modification time of '2026-09-16T03:48:45Z'
Number of updated asset objects reloaded before import = 0Number of asset objects unloaded after import = 0

========================================================================
Received Import Request.
  Time since last request: 0.203892 seconds.
  path: Assets/MediaPipeUnity/Samples/Common/Scripts/SpeakerHighlight.cs
  artifactKey: Guid(a9f577666b6f2436a9db46a45ac04e8e) Importer(815301076,1909f56bfc062723c751e8b465ee728b)
Start importing Assets/MediaPipeUnity/Samples/Common/Scripts/SpeakerHighlight.cs using Guid(a9f577666b6f2436a9db46a45ac04e8e) Importer(815301076,1909f56bfc062723c751e8b465ee728b) (PreviewImporter) -> (artifact id: '00000000000000000000000000000000') in 0.000356083 seconds
Import Error Code:(4)
Message: Build asset version error: assets/mediapipeunity/samples/common/scripts/speakerhighlight.cs in SourceAssetDB has modification time of '2026-09-16T03:48:34Z' while content on disk has modification time of '2026-09-16T03:48:45Z'
  ERROR: Build asset version error: assets/mediapipeunity/samples/common/scripts/speakerhighlight.cs in SourceAssetDB has modification time of '2026-09-16T03:48:34Z' while content on disk has modification time of '2026-09-16T03:48:45Z'
Number of updated asset objects reloaded before import = 0Number of asset objects unloaded after import = 0

========================================================================
Received Import Request.
  Time since last request: 0.098842 seconds.
  path: Assets/MediaPipeUnity/Samples/Common/Scripts/SpeakerHighlight.cs
  artifactKey: Guid(a9f577666b6f2436a9db46a45ac04e8e) Importer(815301076,1909f56bfc062723c751e8b465ee728b)
Start importing Assets/MediaPipeUnity/Samples/Common/Scripts/SpeakerHighlight.cs using Guid(a9f577666b6f2436a9db46a45ac04e8e) Importer(815301076,1909f56bfc062723c751e8b465ee728b) (PreviewImporter) -> (artifact id: '00000000000000000000000000000000') in 0.000363916 seconds
Import Error Code:(4)
Message: Build asset version error: assets/mediapipeunity/samples/common/scripts/speakerhighlight.cs in SourceAssetDB has modification time of '2026-09-16T03:48:34Z' while content on disk has modification time of '2026-09-16T03:48:45Z'
  ERROR: Build asset version error: assets/mediapipeunity/samples/common/scripts/speakerhighlight.cs in SourceAssetDB has modification time of '2026-09-16T03:48:34Z' while content on disk has modification time of '2026-09-16T03:48:45Z'
Number of updated asset objects reloaded before import = 0Number of asset objects unloaded after import = 0

========================================================================
Received Import Request.
  Time since last request: 0.200246 seconds.
  path: Assets/MediaPipeUnity/Samples/Common/Scripts/SpeakerHighlight.cs
  artifactKey: Guid(a9f577666b6f2436a9db46a45ac04e8e) Importer(815301076,1909f56bfc062723c751e8b465ee728b)
Start importing Assets/MediaPipeUnity/Samples/Common/Scripts/SpeakerHighlight.cs using Guid(a9f577666b6f2436a9db46a45ac04e8e) Importer(815301076,1909f56bfc062723c751e8b465ee728b) (PreviewImporter) -> (artifact id: '00000000000000000000000000000000') in 0.0004775 seconds
Import Error Code:(4)
Message: Build asset version error: assets/mediapipeunity/samples/common/scripts/speakerhighlight.cs in SourceAssetDB has modification time of '2026-09-16T03:48:34Z' while content on disk has modification time of '2026-09-16T03:48:45Z'
  ERROR: Build asset version error: assets/mediapipeunity/samples/common/scripts/speakerhighlight.cs in SourceAssetDB has modification time of '2026-09-16T03:48:34Z' while content on disk has modification time of '2026-09-16T03:48:45Z'
Number of updated asset objects reloaded before import = 0Number of asset objects unloaded after import = 0

========================================================================
Received Import Request.
  Time since last request: 0.197203 seconds.
  path: Assets/MediaPipeUnity/Samples/Common/Scripts/SpeakerHighlight.cs
  artifactKey: Guid(a9f577666b6f2436a9db46a45ac04e8e) Importer(815301076,1909f56bfc062723c751e8b465ee728b)
Start importing Assets/MediaPipeUnity/Samples/Common/Scripts/SpeakerHighlight.cs using Guid(a9f577666b6f2436a9db46a45ac04e8e) Importer(815301076,1909f56bfc062723c751e8b465ee728b) (PreviewImporter) -> (artifact id: '00000000000000000000000000000000') in 0.000252125 seconds
Import Error Code:(4)
Message: Build asset version error: assets/mediapipeunity/samples/common/scripts/speakerhighlight.cs in SourceAssetDB has modification time of '2026-09-16T03:48:34Z' while content on disk has modification time of '2026-09-16T03:48:45Z'
  ERROR: Build asset version error: assets/mediapipeunity/samples/common/scripts/speakerhighlight.cs in SourceAssetDB has modification time of '2026-09-16T03:48:34Z' while content on disk has modification time of '2026-09-16T03:48:45Z'
Number of updated asset objects reloaded before import = 0Number of asset objects unloaded after import = 0

========================================================================
Received Import Request.
  Time since last request: 0.098214 seconds.
  path: Assets/MediaPipeUnity/Samples/Common/Scripts/SpeakerHighlight.cs
  artifactKey: Guid(a9f577666b6f2436a9db46a45ac04e8e) Importer(815301076,1909f56bfc062723c751e8b465ee728b)
Start importing Assets/MediaPipeUnity/Samples/Common/Scripts/SpeakerHighlight.cs using Guid(a9f577666b6f2436a9db46a45ac04e8e) Importer(815301076,1909f56bfc062723c751e8b465ee728b) (PreviewImporter) -> (artifact id: '00000000000000000000000000000000') in 0.000358708 seconds
Import Error Code:(4)
Message: Build asset version error: assets/mediapipeunity/samples/common/scripts/speakerhighlight.cs in SourceAssetDB has modification time of '2026-09-16T03:48:34Z' while content on disk has modification time of '2026-09-16T03:48:45Z'
  ERROR: Build asset version error: assets/mediapipeunity/samples/common/scripts/speakerhighlight.cs in SourceAssetDB has modification time of '2026-09-16T03:48:34Z' while content on disk has modification time of '2026-09-16T03:48:45Z'
Number of updated asset objects reloaded before import = 0Number of asset objects unloaded after import = 0

========================================================================
Received Import Request.
  Time since last request: 0.202919 seconds.
  path: Assets/MediaPipeUnity/Samples/Common/Scripts/SpeakerHighlight.cs
  artifactKey: Guid(a9f577666b6f2436a9db46a45ac04e8e) Importer(815301076,1909f56bfc062723c751e8b465ee728b)
Start importing Assets/MediaPipeUnity/Samples/Common/Scripts/SpeakerHighlight.cs using Guid(a9f577666b6f2436a9db46a45ac04e8e) Importer(815301076,1909f56bfc062723c751e8b465ee728b) (PreviewImporter) -> (artifact id: '00000000000000000000000000000000') in 0.00029675 seconds
Import Error Code:(4)
Message: Build asset version error: assets/mediapipeunity/samples/common/scripts/speakerhighlight.cs in SourceAssetDB has modification time of '2026-09-16T03:48:34Z' while content on disk has modification time of '2026-09-16T03:48:45Z'
  ERROR: Build asset version error: assets/mediapipeunity/samples/common/scripts/speakerhighlight.cs in SourceAssetDB has modification time of '2026-09-16T03:48:34Z' while content on disk has modification time of '2026-09-16T03:48:45Z'
Number of updated asset objects reloaded before import = 0Number of asset objects unloaded after import = 0

========================================================================
Received Import Request.
  Time since last request: 0.197245 seconds.
  path: Assets/MediaPipeUnity/Samples/Common/Scripts/SpeakerHighlight.cs
  artifactKey: Guid(a9f577666b6f2436a9db46a45ac04e8e) Importer(815301076,1909f56bfc062723c751e8b465ee728b)
Start importing Assets/MediaPipeUnity/Samples/Common/Scripts/SpeakerHighlight.cs using Guid(a9f577666b6f2436a9db46a45ac04e8e) Importer(815301076,1909f56bfc062723c751e8b465ee728b) (PreviewImporter) -> (artifact id: '00000000000000000000000000000000') in 0.00031275 seconds
Import Error Code:(4)
Message: Build asset version error: assets/mediapipeunity/samples/common/scripts/speakerhighlight.cs in SourceAssetDB has modification time of '2026-09-16T03:48:34Z' while content on disk has modification time of '2026-09-16T03:48:45Z'
  ERROR: Build asset version error: assets/mediapipeunity/samples/common/scripts/speakerhighlight.cs in SourceAssetDB has modification time of '2026-09-16T03:48:34Z' while content on disk has modification time of '2026-09-16T03:48:45Z'
Number of updated asset objects reloaded before import = 0Number of asset objects unloaded after import = 0

========================================================================
Received Import Request.
  Time since last request: 0.199442 seconds.
  path: Assets/MediaPipeUnity/Samples/Common/Scripts/SpeakerHighlight.cs
  artifactKey: Guid(a9f577666b6f2436a9db46a45ac04e8e) Importer(815301076,1909f56bfc062723c751e8b465ee728b)
Start importing Assets/MediaPipeUnity/Samples/Common/Scripts/SpeakerHighlight.cs using Guid(a9f577666b6f2436a9db46a45ac04e8e) Importer(815301076,1909f56bfc062723c751e8b465ee728b) (PreviewImporter) -> (artifact id: '00000000000000000000000000000000') in 0.0004815 seconds
Import Error Code:(4)
Message: Build asset version error: assets/mediapipeunity/samples/common/scripts/speakerhighlight.cs in SourceAssetDB has modification time of '2026-09-16T03:48:34Z' while content on disk has modification time of '2026-09-16T03:48:45Z'
  ERROR: Build asset version error: assets/mediapipeunity/samples/common/scripts/speakerhighlight.cs in SourceAssetDB has modification time of '2026-09-16T03:48:34Z' while content on disk has modification time of '2026-09-16T03:48:45Z'
Number of updated asset objects reloaded before import = 0Number of asset objects unloaded after import = 0

========================================================================
Received Import Request.
  Time since last request: 0.097861 seconds.
  path: Assets/MediaPipeUnity/Samples/Common/Scripts/SpeakerHighlight.cs
  artifactKey: Guid(a9f577666b6f2436a9db46a45ac04e8e) Importer(815301076,1909f56bfc062723c751e8b465ee728b)
Start importing Assets/MediaPipeUnity/Samples/Common/Scripts/SpeakerHighlight.cs using Guid(a9f577666b6f2436a9db46a45ac04e8e) Importer(815301076,1909f56bfc062723c751e8b465ee728b) (PreviewImporter) -> (artifact id: '00000000000000000000000000000000') in 0.000320125 seconds
Import Error Code:(4)
Message: Build asset version error: assets/mediapipeunity/samples/common/scripts/speakerhighlight.cs in SourceAssetDB has modification time of '2026-09-16T03:48:34Z' while content on disk has modification time of '2026-09-16T03:48:45Z'
  ERROR: Build asset version error: assets/mediapipeunity/samples/common/scripts/speakerhighlight.cs in SourceAssetDB has modification time of '2026-09-16T03:48:34Z' while content on disk has modification time of '2026-09-16T03:48:45Z'
Number of updated asset objects reloaded before import = 0Number of asset objects unloaded after import = 0

========================================================================
Received Import Request.
  Time since last request: 0.100067 seconds.
  path: Assets/MediaPipeUnity/Samples/Common/Scripts/SpeakerHighlight.cs
  artifactKey: Guid(a9f577666b6f2436a9db46a45ac04e8e) Importer(815301076,1909f56bfc062723c751e8b465ee728b)
Start importing Assets/MediaPipeUnity/Samples/Common/Scripts/SpeakerHighlight.cs using Guid(a9f577666b6f2436a9db46a45ac04e8e) Importer(815301076,1909f56bfc062723c751e8b465ee728b) (PreviewImporter) -> (artifact id: '00000000000000000000000000000000') in 0.000256 seconds
Import Error Code:(4)
Message: Build asset version error: assets/mediapipeunity/samples/common/scripts/speakerhighlight.cs in SourceAssetDB has modification time of '2026-09-16T03:48:34Z' while content on disk has modification time of '2026-09-16T03:48:45Z'
  ERROR: Build asset version error: assets/mediapipeunity/samples/common/scripts/speakerhighlight.cs in SourceAssetDB has modification time of '2026-09-16T03:48:34Z' while content on disk has modification time of '2026-09-16T03:48:45Z'
Number of updated asset objects reloaded before import = 0Number of asset objects unloaded after import = 0

========================================================================
Received Import Request.
  Time since last request: 0.198321 seconds.
  path: Assets/MediaPipeUnity/Samples/Common/Scripts/SpeakerHighlight.cs
  artifactKey: Guid(a9f577666b6f2436a9db46a45ac04e8e) Importer(815301076,1909f56bfc062723c751e8b465ee728b)
Start importing Assets/MediaPipeUnity/Samples/Common/Scripts/SpeakerHighlight.cs using Guid(a9f577666b6f2436a9db46a45ac04e8e) Importer(815301076,1909f56bfc062723c751e8b465ee728b) (PreviewImporter) -> (artifact id: '00000000000000000000000000000000') in 0.000292333 seconds
Import Error Code:(4)
Message: Build asset version error: assets/mediapipeunity/samples/common/scripts/speakerhighlight.cs in SourceAssetDB has modification time of '2026-09-16T03:48:34Z' while content on disk has modification time of '2026-09-16T03:48:45Z'
  ERROR: Build asset version error: assets/mediapipeunity/samples/common/scripts/speakerhighlight.cs in SourceAssetDB has modification time of '2026-09-16T03:48:34Z' while content on disk has modification time of '2026-09-16T03:48:45Z'
Number of updated asset objects reloaded before import = 0Number of asset objects unloaded after import = 0

========================================================================
Received Import Request.
  Time since last request: 0.098809 seconds.
  path: Assets/MediaPipeUnity/Samples/Common/Scripts/SpeakerHighlight.cs
  artifactKey: Guid(a9f577666b6f2436a9db46a45ac04e8e) Importer(815301076,1909f56bfc062723c751e8b465ee728b)
Start importing Assets/MediaPipeUnity/Samples/Common/Scripts/SpeakerHighlight.cs using Guid(a9f577666b6f2436a9db46a45ac04e8e) Importer(815301076,1909f56bfc062723c751e8b465ee728b) (PreviewImporter) -> (artifact id: '00000000000000000000000000000000') in 0.00060525 seconds
Import Error Code:(4)
Message: Build asset version error: assets/mediapipeunity/samples/common/scripts/speakerhighlight.cs in SourceAssetDB has modification time of '2026-09-16T03:48:34Z' while content on disk has modification time of '2026-09-16T03:48:45Z'
  ERROR: Build asset version error: assets/mediapipeunity/samples/common/scripts/speakerhighlight.cs in SourceAssetDB has modification time of '2026-09-16T03:48:34Z' while content on disk has modification time of '2026-09-16T03:48:45Z'
Number of updated asset objects reloaded before import = 0Number of asset objects unloaded after import = 0

========================================================================
Received Import Request.
  Time since last request: 0.200310 seconds.
  path: Assets/MediaPipeUnity/Samples/Common/Scripts/SpeakerHighlight.cs
  artifactKey: Guid(a9f577666b6f2436a9db46a45ac04e8e) Importer(815301076,1909f56bfc062723c751e8b465ee728b)
Start importing Assets/MediaPipeUnity/Samples/Common/Scripts/SpeakerHighlight.cs using Guid(a9f577666b6f2436a9db46a45ac04e8e) Importer(815301076,1909f56bfc062723c751e8b465ee728b) (PreviewImporter) -> (artifact id: '00000000000000000000000000000000') in 0.000344834 seconds
Import Error Code:(4)
Message: Build asset version error: assets/mediapipeunity/samples/common/scripts/speakerhighlight.cs in SourceAssetDB has modification time of '2026-09-16T03:48:34Z' while content on disk has modification time of '2026-09-16T03:48:45Z'
  ERROR: Build asset version error: assets/mediapipeunity/samples/common/scripts/speakerhighlight.cs in SourceAssetDB has modification time of '2026-09-16T03:48:34Z' while content on disk has modification time of '2026-09-16T03:48:45Z'
Number of updated asset objects reloaded before import = 0Number of asset objects unloaded after import = 0

========================================================================
Received Import Request.
  Time since last request: 0.195471 seconds.
  path: Assets/MediaPipeUnity/Samples/Common/Scripts/SpeakerHighlight.cs
  artifactKey: Guid(a9f577666b6f2436a9db46a45ac04e8e) Importer(815301076,1909f56bfc062723c751e8b465ee728b)
Start importing Assets/MediaPipeUnity/Samples/Common/Scripts/SpeakerHighlight.cs using Guid(a9f577666b6f2436a9db46a45ac04e8e) Importer(815301076,1909f56bfc062723c751e8b465ee728b) (PreviewImporter) -> (artifact id: '00000000000000000000000000000000') in 0.000419834 seconds
Import Error Code:(4)
Message: Build asset version error: assets/mediapipeunity/samples/common/scripts/speakerhighlight.cs in SourceAssetDB has modification time of '2026-09-16T03:48:34Z' while content on disk has modification time of '2026-09-16T03:48:45Z'
  ERROR: Build asset version error: assets/mediapipeunity/samples/common/scripts/speakerhighlight.cs in SourceAssetDB has modification time of '2026-09-16T03:48:34Z' while content on disk has modification time of '2026-09-16T03:48:45Z'
Number of updated asset objects reloaded before import = 0Number of asset objects unloaded after import = 0

========================================================================
Received Import Request.
  Time since last request: 0.202188 seconds.
  path: Assets/MediaPipeUnity/Samples/Common/Scripts/SpeakerHighlight.cs
  artifactKey: Guid(a9f577666b6f2436a9db46a45ac04e8e) Importer(815301076,1909f56bfc062723c751e8b465ee728b)
Start importing Assets/MediaPipeUnity/Samples/Common/Scripts/SpeakerHighlight.cs using Guid(a9f577666b6f2436a9db46a45ac04e8e) Importer(815301076,1909f56bfc062723c751e8b465ee728b) (PreviewImporter) -> (artifact id: '00000000000000000000000000000000') in 0.000510125 seconds
Import Error Code:(4)
Message: Build asset version error: assets/mediapipeunity/samples/common/scripts/speakerhighlight.cs in SourceAssetDB has modification time of '2026-09-16T03:48:34Z' while content on disk has modification time of '2026-09-16T03:48:45Z'
  ERROR: Build asset version error: assets/mediapipeunity/samples/common/scripts/speakerhighlight.cs in SourceAssetDB has modification time of '2026-09-16T03:48:34Z' while content on disk has modification time of '2026-09-16T03:48:45Z'
Number of updated asset objects reloaded before import = 0Number of asset objects unloaded after import = 0

========================================================================
Received Import Request.
  Time since last request: 0.197169 seconds.
  path: Assets/MediaPipeUnity/Samples/Common/Scripts/SpeakerHighlight.cs
  artifactKey: Guid(a9f577666b6f2436a9db46a45ac04e8e) Importer(815301076,1909f56bfc062723c751e8b465ee728b)
Start importing Assets/MediaPipeUnity/Samples/Common/Scripts/SpeakerHighlight.cs using Guid(a9f577666b6f2436a9db46a45ac04e8e) Importer(815301076,1909f56bfc062723c751e8b465ee728b) (PreviewImporter) -> (artifact id: '00000000000000000000000000000000') in 0.000649708 seconds
Import Error Code:(4)
Message: Build asset version error: assets/mediapipeunity/samples/common/scripts/speakerhighlight.cs in SourceAssetDB has modification time of '2026-09-16T03:48:34Z' while content on disk has modification time of '2026-09-16T03:48:45Z'
  ERROR: Build asset version error: assets/mediapipeunity/samples/common/scripts/speakerhighlight.cs in SourceAssetDB has modification time of '2026-09-16T03:48:34Z' while content on disk has modification time of '2026-09-16T03:48:45Z'
Number of updated asset objects reloaded before import = 0Number of asset objects unloaded after import = 0

========================================================================
Received Import Request.
  Time since last request: 0.098796 seconds.
  path: Assets/MediaPipeUnity/Samples/Common/Scripts/SpeakerHighlight.cs
  artifactKey: Guid(a9f577666b6f2436a9db46a45ac04e8e) Importer(815301076,1909f56bfc062723c751e8b465ee728b)
Start importing Assets/MediaPipeUnity/Samples/Common/Scripts/SpeakerHighlight.cs using Guid(a9f577666b6f2436a9db46a45ac04e8e) Importer(815301076,1909f56bfc062723c751e8b465ee728b) (PreviewImporter) -> (artifact id: '00000000000000000000000000000000') in 0.00059075 seconds
Import Error Code:(4)
Message: Build asset version error: assets/mediapipeunity/samples/common/scripts/speakerhighlight.cs in SourceAssetDB has modification time of '2026-09-16T03:48:34Z' while content on disk has modification time of '2026-09-16T03:48:45Z'
  ERROR: Build asset version error: assets/mediapipeunity/samples/common/scripts/speakerhighlight.cs in SourceAssetDB has modification time of '2026-09-16T03:48:34Z' while content on disk has modification time of '2026-09-16T03:48:45Z'
Number of updated asset objects reloaded before import = 0Number of asset objects unloaded after import = 0

========================================================================
Received Import Request.
  Time since last request: 0.198424 seconds.
  path: Assets/MediaPipeUnity/Samples/Common/Scripts/SpeakerHighlight.cs
  artifactKey: Guid(a9f577666b6f2436a9db46a45ac04e8e) Importer(815301076,1909f56bfc062723c751e8b465ee728b)
Start importing Assets/MediaPipeUnity/Samples/Common/Scripts/SpeakerHighlight.cs using Guid(a9f577666b6f2436a9db46a45ac04e8e) Importer(815301076,1909f56bfc062723c751e8b465ee728b) (PreviewImporter) -> (artifact id: '00000000000000000000000000000000') in 0.000428208 seconds
Import Error Code:(4)
Message: Build asset version error: assets/mediapipeunity/samples/common/scripts/speakerhighlight.cs in SourceAssetDB has modification time of '2026-09-16T03:48:34Z' while content on disk has modification time of '2026-09-16T03:48:45Z'
  ERROR: Build asset version error: assets/mediapipeunity/samples/common/scripts/speakerhighlight.cs in SourceAssetDB has modification time of '2026-09-16T03:48:34Z' while content on disk has modification time of '2026-09-16T03:48:45Z'
Number of updated asset objects reloaded before import = 0Number of asset objects unloaded after import = 0

========================================================================
Received Import Request.
  Time since last request: 0.199935 seconds.
  path: Assets/MediaPipeUnity/Samples/Common/Scripts/SpeakerHighlight.cs
  artifactKey: Guid(a9f577666b6f2436a9db46a45ac04e8e) Importer(815301076,1909f56bfc062723c751e8b465ee728b)
Start importing Assets/MediaPipeUnity/Samples/Common/Scripts/SpeakerHighlight.cs using Guid(a9f577666b6f2436a9db46a45ac04e8e) Importer(815301076,1909f56bfc062723c751e8b465ee728b) (PreviewImporter) -> (artifact id: '00000000000000000000000000000000') in 0.000400541 seconds
Import Error Code:(4)
Message: Build asset version error: assets/mediapipeunity/samples/common/scripts/speakerhighlight.cs in SourceAssetDB has modification time of '2026-09-16T03:48:34Z' while content on disk has modification time of '2026-09-16T03:48:45Z'
  ERROR: Build asset version error: assets/mediapipeunity/samples/common/scripts/speakerhighlight.cs in SourceAssetDB has modification time of '2026-09-16T03:48:34Z' while content on disk has modification time of '2026-09-16T03:48:45Z'
Number of updated asset objects reloaded before import = 0Number of asset objects unloaded after import = 0

========================================================================
Received Import Request.
  Time since last request: 0.197218 seconds.
  path: Assets/MediaPipeUnity/Samples/Common/Scripts/SpeakerHighlight.cs
  artifactKey: Guid(a9f577666b6f2436a9db46a45ac04e8e) Importer(815301076,1909f56bfc062723c751e8b465ee728b)
Start importing Assets/MediaPipeUnity/Samples/Common/Scripts/SpeakerHighlight.cs using Guid(a9f577666b6f2436a9db46a45ac04e8e) Importer(815301076,1909f56bfc062723c751e8b465ee728b) (PreviewImporter) -> (artifact id: '00000000000000000000000000000000') in 0.00044025 seconds
Import Error Code:(4)
Message: Build asset version error: assets/mediapipeunity/samples/common/scripts/speakerhighlight.cs in SourceAssetDB has modification time of '2026-09-16T03:48:34Z' while content on disk has modification time of '2026-09-16T03:48:45Z'
  ERROR: Build asset version error: assets/mediapipeunity/samples/common/scripts/speakerhighlight.cs in SourceAssetDB has modification time of '2026-09-16T03:48:34Z' while content on disk has modification time of '2026-09-16T03:48:45Z'
Number of updated asset objects reloaded before import = 0Number of asset objects unloaded after import = 0

========================================================================
Received Import Request.
  Time since last request: 0.200463 seconds.
  path: Assets/MediaPipeUnity/Samples/Common/Scripts/SpeakerHighlight.cs
  artifactKey: Guid(a9f577666b6f2436a9db46a45ac04e8e) Importer(815301076,1909f56bfc062723c751e8b465ee728b)
Start importing Assets/MediaPipeUnity/Samples/Common/Scripts/SpeakerHighlight.cs using Guid(a9f577666b6f2436a9db46a45ac04e8e) Importer(815301076,1909f56bfc062723c751e8b465ee728b) (PreviewImporter) -> (artifact id: '00000000000000000000000000000000') in 0.000415709 seconds
Import Error Code:(4)
Message: Build asset version error: assets/mediapipeunity/samples/common/scripts/speakerhighlight.cs in SourceAssetDB has modification time of '2026-09-16T03:48:34Z' while content on disk has modification time of '2026-09-16T03:48:45Z'
  ERROR: Build asset version error: assets/mediapipeunity/samples/common/scripts/speakerhighlight.cs in SourceAssetDB has modification time of '2026-09-16T03:48:34Z' while content on disk has modification time of '2026-09-16T03:48:45Z'
Number of updated asset objects reloaded before import = 0Number of asset objects unloaded after import = 0

========================================================================
Received Import Request.
  Time since last request: 0.198366 seconds.
  path: Assets/MediaPipeUnity/Samples/Common/Scripts/SpeakerHighlight.cs
  artifactKey: Guid(a9f577666b6f2436a9db46a45ac04e8e) Importer(815301076,1909f56bfc062723c751e8b465ee728b)
Start importing Assets/MediaPipeUnity/Samples/Common/Scripts/SpeakerHighlight.cs using Guid(a9f577666b6f2436a9db46a45ac04e8e) Importer(815301076,1909f56bfc062723c751e8b465ee728b) (PreviewImporter) -> (artifact id: '00000000000000000000000000000000') in 0.000277417 seconds
Import Error Code:(4)
Message: Build asset version error: assets/mediapipeunity/samples/common/scripts/speakerhighlight.cs in SourceAssetDB has modification time of '2026-09-16T03:48:34Z' while content on disk has modification time of '2026-09-16T03:48:45Z'
  ERROR: Build asset version error: assets/mediapipeunity/samples/common/scripts/speakerhighlight.cs in SourceAssetDB has modification time of '2026-09-16T03:48:34Z' while content on disk has modification time of '2026-09-16T03:48:45Z'
Number of updated asset objects reloaded before import = 0Number of asset objects unloaded after import = 0

========================================================================
Received Import Request.
  Time since last request: 0.095393 seconds.
  path: Assets/MediaPipeUnity/Samples/Common/Scripts/SpeakerHighlight.cs
  artifactKey: Guid(a9f577666b6f2436a9db46a45ac04e8e) Importer(815301076,1909f56bfc062723c751e8b465ee728b)
Start importing Assets/MediaPipeUnity/Samples/Common/Scripts/SpeakerHighlight.cs using Guid(a9f577666b6f2436a9db46a45ac04e8e) Importer(815301076,1909f56bfc062723c751e8b465ee728b) (PreviewImporter) -> (artifact id: '00000000000000000000000000000000') in 0.000318459 seconds
Import Error Code:(4)
Message: Build asset version error: assets/mediapipeunity/samples/common/scripts/speakerhighlight.cs in SourceAssetDB has modification time of '2026-09-16T03:48:34Z' while content on disk has modification time of '2026-09-16T03:48:45Z'
  ERROR: Build asset version error: assets/mediapipeunity/samples/common/scripts/speakerhighlight.cs in SourceAssetDB has modification time of '2026-09-16T03:48:34Z' while content on disk has modification time of '2026-09-16T03:48:45Z'
Number of updated asset objects reloaded before import = 0Number of asset objects unloaded after import = 0

========================================================================
Received Import Request.
  Time since last request: 0.200564 seconds.
  path: Assets/MediaPipeUnity/Samples/Common/Scripts/SpeakerHighlight.cs
  artifactKey: Guid(a9f577666b6f2436a9db46a45ac04e8e) Importer(815301076,1909f56bfc062723c751e8b465ee728b)
Start importing Assets/MediaPipeUnity/Samples/Common/Scripts/SpeakerHighlight.cs using Guid(a9f577666b6f2436a9db46a45ac04e8e) Importer(815301076,1909f56bfc062723c751e8b465ee728b) (PreviewImporter) -> (artifact id: '00000000000000000000000000000000') in 0.000509167 seconds
Import Error Code:(4)
Message: Build asset version error: assets/mediapipeunity/samples/common/scripts/speakerhighlight.cs in SourceAssetDB has modification time of '2026-09-16T03:48:34Z' while content on disk has modification time of '2026-09-16T03:48:45Z'
  ERROR: Build asset version error: assets/mediapipeunity/samples/common/scripts/speakerhighlight.cs in SourceAssetDB has modification time of '2026-09-16T03:48:34Z' while content on disk has modification time of '2026-09-16T03:48:45Z'
Number of updated asset objects reloaded before import = 0Number of asset objects unloaded after import = 0

========================================================================
Received Import Request.
  Time since last request: 0.097704 seconds.
  path: Assets/MediaPipeUnity/Samples/Common/Scripts/SpeakerHighlight.cs
  artifactKey: Guid(a9f577666b6f2436a9db46a45ac04e8e) Importer(815301076,1909f56bfc062723c751e8b465ee728b)
Start importing Assets/MediaPipeUnity/Samples/Common/Scripts/SpeakerHighlight.cs using Guid(a9f577666b6f2436a9db46a45ac04e8e) Importer(815301076,1909f56bfc062723c751e8b465ee728b) (PreviewImporter) -> (artifact id: '00000000000000000000000000000000') in 0.000286666 seconds
Import Error Code:(4)
Message: Build asset version error: assets/mediapipeunity/samples/common/scripts/speakerhighlight.cs in SourceAssetDB has modification time of '2026-09-16T03:48:34Z' while content on disk has modification time of '2026-09-16T03:48:45Z'
  ERROR: Build asset version error: assets/mediapipeunity/samples/common/scripts/speakerhighlight.cs in SourceAssetDB has modification time of '2026-09-16T03:48:34Z' while content on disk has modification time of '2026-09-16T03:48:45Z'
Number of updated asset objects reloaded before import = 0Number of asset objects unloaded after import = 0

========================================================================
Received Import Request.
  Time since last request: 0.199530 seconds.
  path: Assets/MediaPipeUnity/Samples/Common/Scripts/SpeakerHighlight.cs
  artifactKey: Guid(a9f577666b6f2436a9db46a45ac04e8e) Importer(815301076,1909f56bfc062723c751e8b465ee728b)
Start importing Assets/MediaPipeUnity/Samples/Common/Scripts/SpeakerHighlight.cs using Guid(a9f577666b6f2436a9db46a45ac04e8e) Importer(815301076,1909f56bfc062723c751e8b465ee728b) (PreviewImporter) -> (artifact id: '00000000000000000000000000000000') in 0.000300209 seconds
Import Error Code:(4)
Message: Build asset version error: assets/mediapipeunity/samples/common/scripts/speakerhighlight.cs in SourceAssetDB has modification time of '2026-09-16T03:48:34Z' while content on disk has modification time of '2026-09-16T03:48:45Z'
  ERROR: Build asset version error: assets/mediapipeunity/samples/common/scripts/speakerhighlight.cs in SourceAssetDB has modification time of '2026-09-16T03:48:34Z' while content on disk has modification time of '2026-09-16T03:48:45Z'
Number of updated asset objects reloaded before import = 0Number of asset objects unloaded after import = 0

========================================================================
Received Import Request.
  Time since last request: 0.099321 seconds.
  path: Assets/MediaPipeUnity/Samples/Common/Scripts/SpeakerHighlight.cs
  artifactKey: Guid(a9f577666b6f2436a9db46a45ac04e8e) Importer(815301076,1909f56bfc062723c751e8b465ee728b)
Start importing Assets/MediaPipeUnity/Samples/Common/Scripts/SpeakerHighlight.cs using Guid(a9f577666b6f2436a9db46a45ac04e8e) Importer(815301076,1909f56bfc062723c751e8b465ee728b) (PreviewImporter) -> (artifact id: '00000000000000000000000000000000') in 0.000397666 seconds
Import Error Code:(4)
Message: Build asset version error: assets/mediapipeunity/samples/common/scripts/speakerhighlight.cs in SourceAssetDB has modification time of '2026-09-16T03:48:34Z' while content on disk has modification time of '2026-09-16T03:48:45Z'
  ERROR: Build asset version error: assets/mediapipeunity/samples/common/scripts/speakerhighlight.cs in SourceAssetDB has modification time of '2026-09-16T03:48:34Z' while content on disk has modification time of '2026-09-16T03:48:45Z'
Number of updated asset objects reloaded before import = 0Number of asset objects unloaded after import = 0

========================================================================
Received Import Request.
  Time since last request: 0.200883 seconds.
  path: Assets/MediaPipeUnity/Samples/Common/Scripts/SpeakerHighlight.cs
  artifactKey: Guid(a9f577666b6f2436a9db46a45ac04e8e) Importer(815301076,1909f56bfc062723c751e8b465ee728b)
Start importing Assets/MediaPipeUnity/Samples/Common/Scripts/SpeakerHighlight.cs using Guid(a9f577666b6f2436a9db46a45ac04e8e) Importer(815301076,1909f56bfc062723c751e8b465ee728b) (PreviewImporter) -> (artifact id: '00000000000000000000000000000000') in 0.000363875 seconds
Import Error Code:(4)
Message: Build asset version error: assets/mediapipeunity/samples/common/scripts/speakerhighlight.cs in SourceAssetDB has modification time of '2026-09-16T03:48:34Z' while content on disk has modification time of '2026-09-16T03:48:45Z'
  ERROR: Build asset version error: assets/mediapipeunity/samples/common/scripts/speakerhighlight.cs in SourceAssetDB has modification time of '2026-09-16T03:48:34Z' while content on disk has modification time of '2026-09-16T03:48:45Z'
Number of updated asset objects reloaded before import = 0Number of asset objects unloaded after import = 0

========================================================================
Received Import Request.
  Time since last request: 0.197170 seconds.
  path: Assets/MediaPipeUnity/Samples/Common/Scripts/SpeakerHighlight.cs
  artifactKey: Guid(a9f577666b6f2436a9db46a45ac04e8e) Importer(815301076,1909f56bfc062723c751e8b465ee728b)
Start importing Assets/MediaPipeUnity/Samples/Common/Scripts/SpeakerHighlight.cs using Guid(a9f577666b6f2436a9db46a45ac04e8e) Importer(815301076,1909f56bfc062723c751e8b465ee728b) (PreviewImporter) -> (artifact id: '00000000000000000000000000000000') in 0.000361792 seconds
Import Error Code:(4)
Message: Build asset version error: assets/mediapipeunity/samples/common/scripts/speakerhighlight.cs in SourceAssetDB has modification time of '2026-09-16T03:48:34Z' while content on disk has modification time of '2026-09-16T03:48:45Z'
  ERROR: Build asset version error: assets/mediapipeunity/samples/common/scripts/speakerhighlight.cs in SourceAssetDB has modification time of '2026-09-16T03:48:34Z' while content on disk has modification time of '2026-09-16T03:48:45Z'
Number of updated asset objects reloaded before import = 0Number of asset objects unloaded after import = 0

========================================================================
Received Import Request.
  Time since last request: 0.099211 seconds.
  path: Assets/MediaPipeUnity/Samples/Common/Scripts/SpeakerHighlight.cs
  artifactKey: Guid(a9f577666b6f2436a9db46a45ac04e8e) Importer(815301076,1909f56bfc062723c751e8b465ee728b)
Start importing Assets/MediaPipeUnity/Samples/Common/Scripts/SpeakerHighlight.cs using Guid(a9f577666b6f2436a9db46a45ac04e8e) Importer(815301076,1909f56bfc062723c751e8b465ee728b) (PreviewImporter) -> (artifact id: '00000000000000000000000000000000') in 0.000408459 seconds
Import Error Code:(4)
Message: Build asset version error: assets/mediapipeunity/samples/common/scripts/speakerhighlight.cs in SourceAssetDB has modification time of '2026-09-16T03:48:34Z' while content on disk has modification time of '2026-09-16T03:48:45Z'
  ERROR: Build asset version error: assets/mediapipeunity/samples/common/scripts/speakerhighlight.cs in SourceAssetDB has modification time of '2026-09-16T03:48:34Z' while content on disk has modification time of '2026-09-16T03:48:45Z'
Number of updated asset objects reloaded before import = 0Number of asset objects unloaded after import = 0

========================================================================
Received Import Request.
  Time since last request: 0.198813 seconds.
  path: Assets/MediaPipeUnity/Samples/Common/Scripts/SpeakerHighlight.cs
  artifactKey: Guid(a9f577666b6f2436a9db46a45ac04e8e) Importer(815301076,1909f56bfc062723c751e8b465ee728b)
Start importing Assets/MediaPipeUnity/Samples/Common/Scripts/SpeakerHighlight.cs using Guid(a9f577666b6f2436a9db46a45ac04e8e) Importer(815301076,1909f56bfc062723c751e8b465ee728b) (PreviewImporter) -> (artifact id: '00000000000000000000000000000000') in 0.000375292 seconds
Import Error Code:(4)
Message: Build asset version error: assets/mediapipeunity/samples/common/scripts/speakerhighlight.cs in SourceAssetDB has modification time of '2026-09-16T03:48:34Z' while content on disk has modification time of '2026-09-16T03:48:45Z'
  ERROR: Build asset version error: assets/mediapipeunity/samples/common/scripts/speakerhighlight.cs in SourceAssetDB has modification time of '2026-09-16T03:48:34Z' while content on disk has modification time of '2026-09-16T03:48:45Z'
Number of updated asset objects reloaded before import = 0Number of asset objects unloaded after import = 0

========================================================================
Received Import Request.
  Time since last request: 0.227397 seconds.
  path: Assets/MediaPipeUnity/Samples/Common/Scripts/SpeakerHighlight.cs
  artifactKey: Guid(a9f577666b6f2436a9db46a45ac04e8e) Importer(815301076,1909f56bfc062723c751e8b465ee728b)
Start importing Assets/MediaPipeUnity/Samples/Common/Scripts/SpeakerHighlight.cs using Guid(a9f577666b6f2436a9db46a45ac04e8e) Importer(815301076,1909f56bfc062723c751e8b465ee728b) (PreviewImporter) -> (artifact id: '00000000000000000000000000000000') in 0.000701125 seconds
Import Error Code:(4)
Message: Build asset version error: assets/mediapipeunity/samples/common/scripts/speakerhighlight.cs in SourceAssetDB has modification time of '2026-09-16T03:48:34Z' while content on disk has modification time of '2026-09-16T03:48:45Z'
  ERROR: Build asset version error: assets/mediapipeunity/samples/common/scripts/speakerhighlight.cs in SourceAssetDB has modification time of '2026-09-16T03:48:34Z' while content on disk has modification time of '2026-09-16T03:48:45Z'
Number of updated asset objects reloaded before import = 0Number of asset objects unloaded after import = 0

========================================================================
Received Import Request.
  Time since last request: 0.170218 seconds.
  path: Assets/MediaPipeUnity/Samples/Common/Scripts/SpeakerHighlight.cs
  artifactKey: Guid(a9f577666b6f2436a9db46a45ac04e8e) Importer(815301076,1909f56bfc062723c751e8b465ee728b)
Start importing Assets/MediaPipeUnity/Samples/Common/Scripts/SpeakerHighlight.cs using Guid(a9f577666b6f2436a9db46a45ac04e8e) Importer(815301076,1909f56bfc062723c751e8b465ee728b) (PreviewImporter) -> (artifact id: '00000000000000000000000000000000') in 0.000515542 seconds
Import Error Code:(4)
Message: Build asset version error: assets/mediapipeunity/samples/common/scripts/speakerhighlight.cs in SourceAssetDB has modification time of '2026-09-16T03:48:34Z' while content on disk has modification time of '2026-09-16T03:48:45Z'
  ERROR: Build asset version error: assets/mediapipeunity/samples/common/scripts/speakerhighlight.cs in SourceAssetDB has modification time of '2026-09-16T03:48:34Z' while content on disk has modification time of '2026-09-16T03:48:45Z'
Number of updated asset objects reloaded before import = 0Number of asset objects unloaded after import = 0

========================================================================
Received Import Request.
  Time since last request: 0.097345 seconds.
  path: Assets/MediaPipeUnity/Samples/Common/Scripts/SpeakerHighlight.cs
  artifactKey: Guid(a9f577666b6f2436a9db46a45ac04e8e) Importer(815301076,1909f56bfc062723c751e8b465ee728b)
Start importing Assets/MediaPipeUnity/Samples/Common/Scripts/SpeakerHighlight.cs using Guid(a9f577666b6f2436a9db46a45ac04e8e) Importer(815301076,1909f56bfc062723c751e8b465ee728b) (PreviewImporter) -> (artifact id: '00000000000000000000000000000000') in 0.000659875 seconds
Import Error Code:(4)
Message: Build asset version error: assets/mediapipeunity/samples/common/scripts/speakerhighlight.cs in SourceAssetDB has modification time of '2026-09-16T03:48:34Z' while content on disk has modification time of '2026-09-16T03:48:45Z'
  ERROR: Build asset version error: assets/mediapipeunity/samples/common/scripts/speakerhighlight.cs in SourceAssetDB has modification time of '2026-09-16T03:48:34Z' while content on disk has modification time of '2026-09-16T03:48:45Z'
Number of updated asset objects reloaded before import = 0Number of asset objects unloaded after import = 0

========================================================================
Received Import Request.
  Time since last request: 0.198906 seconds.
  path: Assets/MediaPipeUnity/Samples/Common/Scripts/SpeakerHighlight.cs
  artifactKey: Guid(a9f577666b6f2436a9db46a45ac04e8e) Importer(815301076,1909f56bfc062723c751e8b465ee728b)
Start importing Assets/MediaPipeUnity/Samples/Common/Scripts/SpeakerHighlight.cs using Guid(a9f577666b6f2436a9db46a45ac04e8e) Importer(815301076,1909f56bfc062723c751e8b465ee728b) (PreviewImporter) -> (artifact id: '00000000000000000000000000000000') in 0.00060075 seconds
Import Error Code:(4)
Message: Build asset version error: assets/mediapipeunity/samples/common/scripts/speakerhighlight.cs in SourceAssetDB has modification time of '2026-09-16T03:48:34Z' while content on disk has modification time of '2026-09-16T03:48:45Z'
  ERROR: Build asset version error: assets/mediapipeunity/samples/common/scripts/speakerhighlight.cs in SourceAssetDB has modification time of '2026-09-16T03:48:34Z' while content on disk has modification time of '2026-09-16T03:48:45Z'
Number of updated asset objects reloaded before import = 0Number of asset objects unloaded after import = 0

========================================================================
Received Import Request.
  Time since last request: 0.199372 seconds.
  path: Assets/MediaPipeUnity/Samples/Common/Scripts/SpeakerHighlight.cs
  artifactKey: Guid(a9f577666b6f2436a9db46a45ac04e8e) Importer(815301076,1909f56bfc062723c751e8b465ee728b)
Start importing Assets/MediaPipeUnity/Samples/Common/Scripts/SpeakerHighlight.cs using Guid(a9f577666b6f2436a9db46a45ac04e8e) Importer(815301076,1909f56bfc062723c751e8b465ee728b) (PreviewImporter) -> (artifact id: '00000000000000000000000000000000') in 0.000464667 seconds
Import Error Code:(4)
Message: Build asset version error: assets/mediapipeunity/samples/common/scripts/speakerhighlight.cs in SourceAssetDB has modification time of '2026-09-16T03:48:34Z' while content on disk has modification time of '2026-09-16T03:48:45Z'
  ERROR: Build asset version error: assets/mediapipeunity/samples/common/scripts/speakerhighlight.cs in SourceAssetDB has modification time of '2026-09-16T03:48:34Z' while content on disk has modification time of '2026-09-16T03:48:45Z'
Number of updated asset objects reloaded before import = 0Number of asset objects unloaded after import = 0

========================================================================
Received Import Request.
  Time since last request: 0.198154 seconds.
  path: Assets/MediaPipeUnity/Samples/Common/Scripts/SpeakerHighlight.cs
  artifactKey: Guid(a9f577666b6f2436a9db46a45ac04e8e) Importer(815301076,1909f56bfc062723c751e8b465ee728b)
Start importing Assets/MediaPipeUnity/Samples/Common/Scripts/SpeakerHighlight.cs using Guid(a9f577666b6f2436a9db46a45ac04e8e) Importer(815301076,1909f56bfc062723c751e8b465ee728b) (PreviewImporter) -> (artifact id: '00000000000000000000000000000000') in 0.000458833 seconds
Import Error Code:(4)
Message: Build asset version error: assets/mediapipeunity/samples/common/scripts/speakerhighlight.cs in SourceAssetDB has modification time of '2026-09-16T03:48:34Z' while content on disk has modification time of '2026-09-16T03:48:45Z'
  ERROR: Build asset version error: assets/mediapipeunity/samples/common/scripts/speakerhighlight.cs in SourceAssetDB has modification time of '2026-09-16T03:48:34Z' while content on disk has modification time of '2026-09-16T03:48:45Z'
Number of updated asset objects reloaded before import = 0Number of asset objects unloaded after import = 0

========================================================================
Received Import Request.
  Time since last request: 0.123016 seconds.
  path: Assets/MediaPipeUnity/Samples/Common/Scripts/SpeakerHighlight.cs
  artifactKey: Guid(a9f577666b6f2436a9db46a45ac04e8e) Importer(815301076,1909f56bfc062723c751e8b465ee728b)
Start importing Assets/MediaPipeUnity/Samples/Common/Scripts/SpeakerHighlight.cs using Guid(a9f577666b6f2436a9db46a45ac04e8e) Importer(815301076,1909f56bfc062723c751e8b465ee728b) (PreviewImporter) -> (artifact id: '00000000000000000000000000000000') in 0.000607833 seconds
Import Error Code:(4)
Message: Build asset version error: assets/mediapipeunity/samples/common/scripts/speakerhighlight.cs in SourceAssetDB has modification time of '2026-09-16T03:48:34Z' while content on disk has modification time of '2026-09-16T03:48:45Z'
  ERROR: Build asset version error: assets/mediapipeunity/samples/common/scripts/speakerhighlight.cs in SourceAssetDB has modification time of '2026-09-16T03:48:34Z' while content on disk has modification time of '2026-09-16T03:48:45Z'
Number of updated asset objects reloaded before import = 0Number of asset objects unloaded after import = 0

========================================================================
Received Prepare
Begin MonoManager ReloadAssembly
Thread 0x16f857000 may have been prematurely finalized
Symbol file LoadedFromMemory is not a mono symbol file
- Loaded All Assemblies, in  0.483 seconds
'Packages/com.unity.xr.openxr/Runtime/OpenXRLoader.cs' contains partial class of Unity.Object, exactly 1 of the partial classes needs to be in a file with the same filename. This is to know the one that can be referenced from ie. GameObjects
'Packages/com.unity.xr.openxr/Runtime/OpenXRLoaderInternal.cs' contains partial class of Unity.Object, exactly 1 of the partial classes needs to be in a file with the same filename. This is to know the one that can be referenced from ie. GameObjects
Refreshing native plugins compatible for Editor in 7.94 ms, found 16 plugins.
Native extension for Android target not found
Native extension for OSXStandalone target not found
Refreshing native plugins compatible for Editor in 9.69 ms, found 16 plugins.
[Package Manager] Failed to launch server process. Reason: Unity was launched with the -noUpm command-line argument
[Package Manager] Unable to send message (not connected to server process).
[Package Manager] Cannot connect to Unity Package Manager local server
Mono: successfully reloaded assembly
[Package Manager] Failed to launch server process. Reason: Unity was launched with the -noUpm command-line argument
[Package Manager] Unable to send message (not connected to server process).
[Package Manager] Cannot connect to Unity Package Manager local server
- Finished resetting the current domain, in  0.669 seconds
Domain Reload Profiling: 1154ms
	BeginReloadAssembly (148ms)
		ExecutionOrderSort (0ms)
		DisableScriptedObjects (7ms)
		BackupInstance (0ms)
		ReleaseScriptingObjects (0ms)
		CreateAndSetChildDomain (47ms)
	RebuildCommonClasses (29ms)
	RebuildNativeTypeToScriptingClass (12ms)
	initialDomainReloadingComplete (16ms)
	LoadAllAssembliesAndSetupDomain (279ms)
		LoadAssemblies (238ms)
		RebuildTransferFunctionScriptingTraits (0ms)
		AnalyzeDomain (92ms)
			TypeCache.Refresh (11ms)
				TypeCache.ScanAssembly (2ms)
			BuildScriptInfoCaches (71ms)
			ResolveRequiredComponents (7ms)
	FinalizeReload (669ms)
		ReleaseScriptCaches (0ms)
		RebuildScriptCaches (0ms)
		SetupLoadedEditorAssemblies (495ms)
			LogAssemblyErrors (0ms)
			InitializePlatformSupportModulesInManaged (15ms)
			SetLoadedEditorAssemblies (4ms)
			BeforeProcessingInitializeOnLoad (49ms)
			ProcessInitializeOnLoadAttributes (203ms)
			ProcessInitializeOnLoadMethodAttributes (223ms)
			AfterProcessingInitializeOnLoad (1ms)
			EditorAssembliesLoaded (0ms)
		ExecutionOrderSort2 (0ms)
		AwakeInstancesAfterBackupRestoration (6ms)
Refreshing native plugins compatible for Editor in 7.93 ms, found 16 plugins.
Preloading 0 native plugins for Editor in 0.00 ms.
Unloading 15 Unused Serialized files (Serialized files now loaded: 0)
Unloading 4810 unused Assets / (3.3 MB). Loaded Objects now: 5374.
Memory consumption went from 135.7 MB to 132.5 MB.
Total: 13.064708 ms (FindLiveObjects: 0.317417 ms CreateObjectMapping: 0.195625 ms MarkObjects: 9.937333 ms  DeleteObjects: 2.613917 ms)

Prepare: number of updated asset objects reloaded= 0
========================================================================
Received Import Request.
  Time since last request: 5.030594 seconds.
  path: Assets/MediaPipeUnity/Samples/Common/Scripts/SpeakerHighlight.cs
  artifactKey: Guid(a9f577666b6f2436a9db46a45ac04e8e) Importer(815301076,1909f56bfc062723c751e8b465ee728b)
Start importing Assets/MediaPipeUnity/Samples/Common/Scripts/SpeakerHighlight.cs using Guid(a9f577666b6f2436a9db46a45ac04e8e) Importer(815301076,1909f56bfc062723c751e8b465ee728b) (PreviewImporter) -> (artifact id: '7d56600fdcc5d80dbb6e0160c60d7c3a') in 0.001287417 seconds
Number of updated asset objects reloaded before import = 0Number of asset objects unloaded after import = 0

========================================================================
Received Prepare
Begin MonoManager ReloadAssembly
Thread 0x16f857000 may have been prematurely finalized
Symbol file LoadedFromMemory is not a mono symbol file
- Loaded All Assemblies, in  0.409 seconds
'Packages/com.unity.xr.openxr/Runtime/OpenXRLoader.cs' contains partial class of Unity.Object, exactly 1 of the partial classes needs to be in a file with the same filename. This is to know the one that can be referenced from ie. GameObjects
'Packages/com.unity.xr.openxr/Runtime/OpenXRLoaderInternal.cs' contains partial class of Unity.Object, exactly 1 of the partial classes needs to be in a file with the same filename. This is to know the one that can be referenced from ie. GameObjects
Refreshing native plugins compatible for Editor in 7.14 ms, found 16 plugins.
Native extension for Android target not found
Native extension for OSXStandalone target not found
Refreshing native plugins compatible for Editor in 7.21 ms, found 16 plugins.
[Package Manager] Failed to launch server process. Reason: Unity was launched with the -noUpm command-line argument
[Package Manager] Unable to send message (not connected to server process).
[Package Manager] Cannot connect to Unity Package Manager local server
Mono: successfully reloaded assembly
[Package Manager] Failed to launch server process. Reason: Unity was launched with the -noUpm command-line argument
[Package Manager] Unable to send message (not connected to server process).
[Package Manager] Cannot connect to Unity Package Manager local server
- Finished resetting the current domain, in  0.636 seconds
Domain Reload Profiling: 1047ms
	BeginReloadAssembly (101ms)
		ExecutionOrderSort (0ms)
		DisableScriptedObjects (4ms)
		BackupInstance (0ms)
		ReleaseScriptingObjects (0ms)
		CreateAndSetChildDomain (31ms)
	RebuildCommonClasses (29ms)
	RebuildNativeTypeToScriptingClass (12ms)
	initialDomainReloadingComplete (15ms)
	LoadAllAssembliesAndSetupDomain (253ms)
		LoadAssemblies (199ms)
		RebuildTransferFunctionScriptingTraits (0ms)
		AnalyzeDomain (90ms)
			TypeCache.Refresh (8ms)
				TypeCache.ScanAssembly (0ms)
			BuildScriptInfoCaches (73ms)
			ResolveRequiredComponents (7ms)
	FinalizeReload (637ms)
		ReleaseScriptCaches (0ms)
		RebuildScriptCaches (0ms)
		SetupLoadedEditorAssemblies (474ms)
			LogAssemblyErrors (0ms)
			InitializePlatformSupportModulesInManaged (13ms)
			SetLoadedEditorAssemblies (4ms)
			BeforeProcessingInitializeOnLoad (40ms)
			ProcessInitializeOnLoadAttributes (200ms)
			ProcessInitializeOnLoadMethodAttributes (216ms)
			AfterProcessingInitializeOnLoad (1ms)
			EditorAssembliesLoaded (0ms)
		ExecutionOrderSort2 (0ms)
		AwakeInstancesAfterBackupRestoration (6ms)
Refreshing native plugins compatible for Editor in 8.63 ms, found 16 plugins.
Preloading 0 native plugins for Editor in 0.00 ms.
Unloading 15 Unused Serialized files (Serialized files now loaded: 0)
Unloading 4810 unused Assets / (3.4 MB). Loaded Objects now: 5375.
Memory consumption went from 137.5 MB to 134.1 MB.
Total: 11.672542 ms (FindLiveObjects: 0.304208 ms CreateObjectMapping: 0.195333 ms MarkObjects: 9.214875 ms  DeleteObjects: 1.957708 ms)

Prepare: number of updated asset objects reloaded= 0
========================================================================
Received Prepare
Begin MonoManager ReloadAssembly
Thread 0x16f857000 may have been prematurely finalized
Symbol file LoadedFromMemory is not a mono symbol file
- Loaded All Assemblies, in  0.485 seconds
'Packages/com.unity.xr.openxr/Runtime/OpenXRLoader.cs' contains partial class of Unity.Object, exactly 1 of the partial classes needs to be in a file with the same filename. This is to know the one that can be referenced from ie. GameObjects
'Packages/com.unity.xr.openxr/Runtime/OpenXRLoaderInternal.cs' contains partial class of Unity.Object, exactly 1 of the partial classes needs to be in a file with the same filename. This is to know the one that can be referenced from ie. GameObjects
Refreshing native plugins compatible for Editor in 17.39 ms, found 16 plugins.
Native extension for Android target not found
Native extension for OSXStandalone target not found
Refreshing native plugins compatible for Editor in 7.92 ms, found 16 plugins.
[Package Manager] Failed to launch server process. Reason: Unity was launched with the -noUpm command-line argument
[Package Manager] Unable to send message (not connected to server process).
[Package Manager] Cannot connect to Unity Package Manager local server
Mono: successfully reloaded assembly
[Package Manager] Failed to launch server process. Reason: Unity was launched with the -noUpm command-line argument
[Package Manager] Unable to send message (not connected to server process).
[Package Manager] Cannot connect to Unity Package Manager local server
- Finished resetting the current domain, in  0.649 seconds
Domain Reload Profiling: 1136ms
	BeginReloadAssembly (148ms)
		ExecutionOrderSort (0ms)
		DisableScriptedObjects (9ms)
		BackupInstance (0ms)
		ReleaseScriptingObjects (0ms)
		CreateAndSetChildDomain (44ms)
	RebuildCommonClasses (30ms)
	RebuildNativeTypeToScriptingClass (13ms)
	initialDomainReloadingComplete (20ms)
	LoadAllAssembliesAndSetupDomain (277ms)
		LoadAssemblies (236ms)
		RebuildTransferFunctionScriptingTraits (0ms)
		AnalyzeDomain (94ms)
			TypeCache.Refresh (7ms)
				TypeCache.ScanAssembly (0ms)
			BuildScriptInfoCaches (77ms)
			ResolveRequiredComponents (7ms)
	FinalizeReload (649ms)
		ReleaseScriptCaches (0ms)
		RebuildScriptCaches (0ms)
		SetupLoadedEditorAssemblies (480ms)
			LogAssemblyErrors (0ms)
			InitializePlatformSupportModulesInManaged (14ms)
			SetLoadedEditorAssemblies (4ms)
			BeforeProcessingInitializeOnLoad (45ms)
			ProcessInitializeOnLoadAttributes (201ms)
			ProcessInitializeOnLoadMethodAttributes (214ms)
			AfterProcessingInitializeOnLoad (1ms)
			EditorAssembliesLoaded (0ms)
		ExecutionOrderSort2 (0ms)
		AwakeInstancesAfterBackupRestoration (6ms)
Refreshing native plugins compatible for Editor in 8.59 ms, found 16 plugins.
Preloading 0 native plugins for Editor in 0.00 ms.
Unloading 15 Unused Serialized files (Serialized files now loaded: 0)
Unloading 4810 unused Assets / (3.4 MB). Loaded Objects now: 5376.
Memory consumption went from 139.4 MB to 136.0 MB.
Total: 13.403417 ms (FindLiveObjects: 0.300500 ms CreateObjectMapping: 0.198834 ms MarkObjects: 10.162709 ms  DeleteObjects: 2.741083 ms)

Prepare: number of updated asset objects reloaded= 0
========================================================================
Received Prepare
'Packages/com.unity.xr.openxr/Runtime/OpenXRLoader.cs' contains partial class of Unity.Object, exactly 1 of the partial classes needs to be in a file with the same filename. This is to know the one that can be referenced from ie. GameObjects
'Packages/com.unity.xr.openxr/Runtime/OpenXRLoaderInternal.cs' contains partial class of Unity.Object, exactly 1 of the partial classes needs to be in a file with the same filename. This is to know the one that can be referenced from ie. GameObjects
Refreshing native plugins compatible for Editor in 10.47 ms, found 16 plugins.
Preloading 0 native plugins for Editor in 0.00 ms.
Unloading 8 Unused Serialized files (Serialized files now loaded: 0)
Unloading 4704 unused Assets / (3.4 MB). Loaded Objects now: 5359.
Memory consumption went from 129.1 MB to 125.7 MB.
Total: 21.937292 ms (FindLiveObjects: 0.402500 ms CreateObjectMapping: 0.192667 ms MarkObjects: 18.782542 ms  DeleteObjects: 2.559292 ms)

Prepare: number of updated asset objects reloaded= 0
========================================================================
Received Import Request.
  Time since last request: 311.366256 seconds.
  path: Assets/MediaPipeUnity/Samples/Common/Scripts/CaptionManager.cs
  artifactKey: Guid(923058e01023e4f668940351de8d0b50) Importer(815301076,1909f56bfc062723c751e8b465ee728b)
Start importing Assets/MediaPipeUnity/Samples/Common/Scripts/CaptionManager.cs using Guid(923058e01023e4f668940351de8d0b50) Importer(815301076,1909f56bfc062723c751e8b465ee728b) (PreviewImporter) -> (artifact id: 'c875630f0ad88ccfd6dc982841502025') in 0.009455625 seconds
Number of updated asset objects reloaded before import = 0Number of asset objects unloaded after import = 0

========================================================================
Received Prepare
Begin MonoManager ReloadAssembly
Thread 0x16f857000 may have been prematurely finalized
Symbol file LoadedFromMemory is not a mono symbol file
- Loaded All Assemblies, in  0.456 seconds
'Packages/com.unity.xr.openxr/Runtime/OpenXRLoader.cs' contains partial class of Unity.Object, exactly 1 of the partial classes needs to be in a file with the same filename. This is to know the one that can be referenced from ie. GameObjects
'Packages/com.unity.xr.openxr/Runtime/OpenXRLoaderInternal.cs' contains partial class of Unity.Object, exactly 1 of the partial classes needs to be in a file with the same filename. This is to know the one that can be referenced from ie. GameObjects
Refreshing native plugins compatible for Editor in 8.80 ms, found 16 plugins.
Native extension for Android target not found
Native extension for OSXStandalone target not found
Refreshing native plugins compatible for Editor in 7.13 ms, found 16 plugins.
[Package Manager] Failed to launch server process. Reason: Unity was launched with the -noUpm command-line argument
[Package Manager] Unable to send message (not connected to server process).
[Package Manager] Cannot connect to Unity Package Manager local server
Mono: successfully reloaded assembly
[Package Manager] Failed to launch server process. Reason: Unity was launched with the -noUpm command-line argument
[Package Manager] Unable to send message (not connected to server process).
[Package Manager] Cannot connect to Unity Package Manager local server
- Finished resetting the current domain, in  0.657 seconds
Domain Reload Profiling: 1115ms
	BeginReloadAssembly (130ms)
		ExecutionOrderSort (0ms)
		DisableScriptedObjects (5ms)
		BackupInstance (0ms)
		ReleaseScriptingObjects (0ms)
		CreateAndSetChildDomain (39ms)
	RebuildCommonClasses (31ms)
	RebuildNativeTypeToScriptingClass (13ms)
	initialDomainReloadingComplete (17ms)
	LoadAllAssembliesAndSetupDomain (267ms)
		LoadAssemblies (224ms)
		RebuildTransferFunctionScriptingTraits (0ms)
		AnalyzeDomain (95ms)
			TypeCache.Refresh (12ms)
				TypeCache.ScanAssembly (2ms)
			BuildScriptInfoCaches (74ms)
			ResolveRequiredComponents (7ms)
	FinalizeReload (658ms)
		ReleaseScriptCaches (0ms)
		RebuildScriptCaches (0ms)
		SetupLoadedEditorAssemblies (489ms)
			LogAssemblyErrors (0ms)
			InitializePlatformSupportModulesInManaged (15ms)
			SetLoadedEditorAssemblies (4ms)
			BeforeProcessingInitializeOnLoad (53ms)
			ProcessInitializeOnLoadAttributes (205ms)
			ProcessInitializeOnLoadMethodAttributes (211ms)
			AfterProcessingInitializeOnLoad (1ms)
			EditorAssembliesLoaded (0ms)
		ExecutionOrderSort2 (0ms)
		AwakeInstancesAfterBackupRestoration (6ms)
Refreshing native plugins compatible for Editor in 7.67 ms, found 16 plugins.
Preloading 0 native plugins for Editor in 0.00 ms.
Unloading 15 Unused Serialized files (Serialized files now loaded: 0)
Unloading 4811 unused Assets / (3.5 MB). Loaded Objects now: 5378.
Memory consumption went from 141.5 MB to 138.0 MB.
Total: 11.975375 ms (FindLiveObjects: 0.296833 ms CreateObjectMapping: 0.186334 ms MarkObjects: 9.111666 ms  DeleteObjects: 2.380167 ms)

Prepare: number of updated asset objects reloaded= 0
========================================================================
Received Prepare
Begin MonoManager ReloadAssembly
Thread 0x16f857000 may have been prematurely finalized
Symbol file LoadedFromMemory is not a mono symbol file
- Loaded All Assemblies, in  0.518 seconds
'Packages/com.unity.xr.openxr/Runtime/OpenXRLoader.cs' contains partial class of Unity.Object, exactly 1 of the partial classes needs to be in a file with the same filename. This is to know the one that can be referenced from ie. GameObjects
'Packages/com.unity.xr.openxr/Runtime/OpenXRLoaderInternal.cs' contains partial class of Unity.Object, exactly 1 of the partial classes needs to be in a file with the same filename. This is to know the one that can be referenced from ie. GameObjects
Refreshing native plugins compatible for Editor in 7.55 ms, found 16 plugins.
Native extension for Android target not found
Native extension for OSXStandalone target not found
Refreshing native plugins compatible for Editor in 7.56 ms, found 16 plugins.
[Package Manager] Failed to launch server process. Reason: Unity was launched with the -noUpm command-line argument
[Package Manager] Unable to send message (not connected to server process).
[Package Manager] Cannot connect to Unity Package Manager local server
Mono: successfully reloaded assembly
[Package Manager] Failed to launch server process. Reason: Unity was launched with the -noUpm command-line argument
[Package Manager] Unable to send message (not connected to server process).
[Package Manager] Cannot connect to Unity Package Manager local server
- Finished resetting the current domain, in  0.658 seconds
Domain Reload Profiling: 1177ms
	BeginReloadAssembly (162ms)
		ExecutionOrderSort (0ms)
		DisableScriptedObjects (8ms)
		BackupInstance (0ms)
		ReleaseScriptingObjects (0ms)
		CreateAndSetChildDomain (57ms)
	RebuildCommonClasses (29ms)
	RebuildNativeTypeToScriptingClass (12ms)
	initialDomainReloadingComplete (16ms)
	LoadAllAssembliesAndSetupDomain (300ms)
		LoadAssemblies (261ms)
		RebuildTransferFunctionScriptingTraits (0ms)
		AnalyzeDomain (94ms)
			TypeCache.Refresh (12ms)
				TypeCache.ScanAssembly (2ms)
			BuildScriptInfoCaches (73ms)
			ResolveRequiredComponents (6ms)
	FinalizeReload (658ms)
		ReleaseScriptCaches (0ms)
		RebuildScriptCaches (0ms)
		SetupLoadedEditorAssemblies (486ms)
			LogAssemblyErrors (0ms)
			InitializePlatformSupportModulesInManaged (15ms)
			SetLoadedEditorAssemblies (4ms)
			BeforeProcessingInitializeOnLoad (50ms)
			ProcessInitializeOnLoadAttributes (190ms)
			ProcessInitializeOnLoadMethodAttributes (227ms)
			AfterProcessingInitializeOnLoad (1ms)
			EditorAssembliesLoaded (0ms)
		ExecutionOrderSort2 (0ms)
		AwakeInstancesAfterBackupRestoration (6ms)
Refreshing native plugins compatible for Editor in 8.91 ms, found 16 plugins.
Preloading 0 native plugins for Editor in 0.00 ms.
Unloading 15 Unused Serialized files (Serialized files now loaded: 0)
Unloading 4811 unused Assets / (3.3 MB). Loaded Objects now: 5379.
Memory consumption went from 143.3 MB to 140.0 MB.
Total: 12.757625 ms (FindLiveObjects: 0.319042 ms CreateObjectMapping: 0.194125 ms MarkObjects: 10.342708 ms  DeleteObjects: 1.901333 ms)

Prepare: number of updated asset objects reloaded= 0
========================================================================
Received Import Request.
  Time since last request: 35.504858 seconds.
  path: Assets/MediaPipeUnity/Samples/Common/Scripts/CaptionManager.cs
  artifactKey: Guid(923058e01023e4f668940351de8d0b50) Importer(815301076,1909f56bfc062723c751e8b465ee728b)
Start importing Assets/MediaPipeUnity/Samples/Common/Scripts/CaptionManager.cs using Guid(923058e01023e4f668940351de8d0b50) Importer(815301076,1909f56bfc062723c751e8b465ee728b) (PreviewImporter) -> (artifact id: '40728eeb3c1dafb0fec5ced83195487b') in 0.001335125 seconds
Number of updated asset objects reloaded before import = 0Number of asset objects unloaded after import = 0

========================================================================
Received Prepare
Begin MonoManager ReloadAssembly
Thread 0x16f857000 may have been prematurely finalized
Symbol file LoadedFromMemory is not a mono symbol file
- Loaded All Assemblies, in  0.512 seconds
'Packages/com.unity.xr.openxr/Runtime/OpenXRLoader.cs' contains partial class of Unity.Object, exactly 1 of the partial classes needs to be in a file with the same filename. This is to know the one that can be referenced from ie. GameObjects
'Packages/com.unity.xr.openxr/Runtime/OpenXRLoaderInternal.cs' contains partial class of Unity.Object, exactly 1 of the partial classes needs to be in a file with the same filename. This is to know the one that can be referenced from ie. GameObjects
Refreshing native plugins compatible for Editor in 18.36 ms, found 16 plugins.
Native extension for Android target not found
Native extension for OSXStandalone target not found
Refreshing native plugins compatible for Editor in 7.23 ms, found 16 plugins.
[Package Manager] Failed to launch server process. Reason: Unity was launched with the -noUpm command-line argument
[Package Manager] Unable to send message (not connected to server process).
[Package Manager] Cannot connect to Unity Package Manager local server
Mono: successfully reloaded assembly
[Package Manager] Failed to launch server process. Reason: Unity was launched with the -noUpm command-line argument
[Package Manager] Unable to send message (not connected to server process).
[Package Manager] Cannot connect to Unity Package Manager local server
- Finished resetting the current domain, in  0.665 seconds
Domain Reload Profiling: 1178ms
	BeginReloadAssembly (151ms)
		ExecutionOrderSort (0ms)
		DisableScriptedObjects (7ms)
		BackupInstance (0ms)
		ReleaseScriptingObjects (0ms)
		CreateAndSetChildDomain (45ms)
	RebuildCommonClasses (30ms)
	RebuildNativeTypeToScriptingClass (12ms)
	initialDomainReloadingComplete (16ms)
	LoadAllAssembliesAndSetupDomain (304ms)
		LoadAssemblies (266ms)
		RebuildTransferFunctionScriptingTraits (0ms)
		AnalyzeDomain (94ms)
			TypeCache.Refresh (8ms)
				TypeCache.ScanAssembly (0ms)
			BuildScriptInfoCaches (77ms)
			ResolveRequiredComponents (7ms)
	FinalizeReload (665ms)
		ReleaseScriptCaches (0ms)
		RebuildScriptCaches (0ms)
		SetupLoadedEditorAssemblies (485ms)
			LogAssemblyErrors (0ms)
			InitializePlatformSupportModulesInManaged (16ms)
			SetLoadedEditorAssemblies (5ms)
			BeforeProcessingInitializeOnLoad (51ms)
			ProcessInitializeOnLoadAttributes (199ms)
			ProcessInitializeOnLoadMethodAttributes (213ms)
			AfterProcessingInitializeOnLoad (1ms)
			EditorAssembliesLoaded (0ms)
		ExecutionOrderSort2 (0ms)
		AwakeInstancesAfterBackupRestoration (6ms)
Refreshing native plugins compatible for Editor in 9.11 ms, found 16 plugins.
Preloading 0 native plugins for Editor in 0.00 ms.
Unloading 15 Unused Serialized files (Serialized files now loaded: 0)
Unloading 4811 unused Assets / (3.2 MB). Loaded Objects now: 5380.
Memory consumption went from 145.3 MB to 142.0 MB.
Total: 12.897000 ms (FindLiveObjects: 0.308583 ms CreateObjectMapping: 0.195584 ms MarkObjects: 9.925916 ms  DeleteObjects: 2.466709 ms)

Prepare: number of updated asset objects reloaded= 0
========================================================================
Received Prepare
Begin MonoManager ReloadAssembly
Thread 0x16f857000 may have been prematurely finalized
Symbol file LoadedFromMemory is not a mono symbol file
- Loaded All Assemblies, in  0.525 seconds
'Packages/com.unity.xr.openxr/Runtime/OpenXRLoader.cs' contains partial class of Unity.Object, exactly 1 of the partial classes needs to be in a file with the same filename. This is to know the one that can be referenced from ie. GameObjects
'Packages/com.unity.xr.openxr/Runtime/OpenXRLoaderInternal.cs' contains partial class of Unity.Object, exactly 1 of the partial classes needs to be in a file with the same filename. This is to know the one that can be referenced from ie. GameObjects
Refreshing native plugins compatible for Editor in 17.68 ms, found 16 plugins.
Native extension for Android target not found
Native extension for OSXStandalone target not found
Refreshing native plugins compatible for Editor in 7.55 ms, found 16 plugins.
[Package Manager] Failed to launch server process. Reason: Unity was launched with the -noUpm command-line argument
[Package Manager] Unable to send message (not connected to server process).
[Package Manager] Cannot connect to Unity Package Manager local server
Mono: successfully reloaded assembly
[Package Manager] Failed to launch server process. Reason: Unity was launched with the -noUpm command-line argument
[Package Manager] Unable to send message (not connected to server process).
[Package Manager] Cannot connect to Unity Package Manager local server
- Finished resetting the current domain, in  0.659 seconds
Domain Reload Profiling: 1186ms
	BeginReloadAssembly (175ms)
		ExecutionOrderSort (0ms)
		DisableScriptedObjects (14ms)
		BackupInstance (0ms)
		ReleaseScriptingObjects (0ms)
		CreateAndSetChildDomain (56ms)
	RebuildCommonClasses (29ms)
	RebuildNativeTypeToScriptingClass (12ms)
	initialDomainReloadingComplete (20ms)
	LoadAllAssembliesAndSetupDomain (290ms)
		LoadAssemblies (254ms)
		RebuildTransferFunctionScriptingTraits (0ms)
		AnalyzeDomain (95ms)
			TypeCache.Refresh (11ms)
				TypeCache.ScanAssembly (2ms)
			BuildScriptInfoCaches (74ms)
			ResolveRequiredComponents (8ms)
	FinalizeReload (659ms)
		ReleaseScriptCaches (0ms)
		RebuildScriptCaches (0ms)
		SetupLoadedEditorAssemblies (486ms)
			LogAssemblyErrors (0ms)
			InitializePlatformSupportModulesInManaged (15ms)
			SetLoadedEditorAssemblies (4ms)
			BeforeProcessingInitializeOnLoad (47ms)
			ProcessInitializeOnLoadAttributes (195ms)
			ProcessInitializeOnLoadMethodAttributes (224ms)
			AfterProcessingInitializeOnLoad (1ms)
			EditorAssembliesLoaded (0ms)
		ExecutionOrderSort2 (0ms)
		AwakeInstancesAfterBackupRestoration (6ms)
Refreshing native plugins compatible for Editor in 8.32 ms, found 16 plugins.
Preloading 0 native plugins for Editor in 0.00 ms.
Unloading 15 Unused Serialized files (Serialized files now loaded: 0)
Unloading 4811 unused Assets / (3.3 MB). Loaded Objects now: 5381.
Memory consumption went from 147.2 MB to 143.8 MB.
Total: 12.526334 ms (FindLiveObjects: 0.287000 ms CreateObjectMapping: 0.191958 ms MarkObjects: 9.822500 ms  DeleteObjects: 2.224459 ms)

Prepare: number of updated asset objects reloaded= 0
========================================================================
Received Prepare
Begin MonoManager ReloadAssembly
Thread 0x16f857000 may have been prematurely finalized
Symbol file LoadedFromMemory is not a mono symbol file
- Loaded All Assemblies, in  0.448 seconds
'Packages/com.unity.xr.openxr/Runtime/OpenXRLoader.cs' contains partial class of Unity.Object, exactly 1 of the partial classes needs to be in a file with the same filename. This is to know the one that can be referenced from ie. GameObjects
'Packages/com.unity.xr.openxr/Runtime/OpenXRLoaderInternal.cs' contains partial class of Unity.Object, exactly 1 of the partial classes needs to be in a file with the same filename. This is to know the one that can be referenced from ie. GameObjects
Refreshing native plugins compatible for Editor in 7.51 ms, found 16 plugins.
Native extension for Android target not found
Native extension for OSXStandalone target not found
Refreshing native plugins compatible for Editor in 7.08 ms, found 16 plugins.
[Package Manager] Failed to launch server process. Reason: Unity was launched with the -noUpm command-line argument
[Package Manager] Unable to send message (not connected to server process).
[Package Manager] Cannot connect to Unity Package Manager local server
Mono: successfully reloaded assembly
[Package Manager] Failed to launch server process. Reason: Unity was launched with the -noUpm command-line argument
[Package Manager] Unable to send message (not connected to server process).
[Package Manager] Cannot connect to Unity Package Manager local server
- Finished resetting the current domain, in  0.665 seconds
Domain Reload Profiling: 1115ms
	BeginReloadAssembly (106ms)
		ExecutionOrderSort (0ms)
		DisableScriptedObjects (4ms)
		BackupInstance (0ms)
		ReleaseScriptingObjects (0ms)
		CreateAndSetChildDomain (29ms)
	RebuildCommonClasses (31ms)
	RebuildNativeTypeToScriptingClass (13ms)
	initialDomainReloadingComplete (15ms)
	LoadAllAssembliesAndSetupDomain (286ms)
		LoadAssemblies (238ms)
		RebuildTransferFunctionScriptingTraits (0ms)
		AnalyzeDomain (89ms)
			TypeCache.Refresh (7ms)
				TypeCache.ScanAssembly (0ms)
			BuildScriptInfoCaches (74ms)
			ResolveRequiredComponents (6ms)
	FinalizeReload (666ms)
		ReleaseScriptCaches (0ms)
		RebuildScriptCaches (0ms)
		SetupLoadedEditorAssemblies (493ms)
			LogAssemblyErrors (0ms)
			InitializePlatformSupportModulesInManaged (18ms)
			SetLoadedEditorAssemblies (7ms)
			BeforeProcessingInitializeOnLoad (50ms)
			ProcessInitializeOnLoadAttributes (200ms)
			ProcessInitializeOnLoadMethodAttributes (217ms)
			AfterProcessingInitializeOnLoad (1ms)
			EditorAssembliesLoaded (0ms)
		ExecutionOrderSort2 (0ms)
		AwakeInstancesAfterBackupRestoration (6ms)
Refreshing native plugins compatible for Editor in 9.25 ms, found 16 plugins.
Preloading 0 native plugins for Editor in 0.00 ms.
Unloading 15 Unused Serialized files (Serialized files now loaded: 0)
Unloading 4811 unused Assets / (3.5 MB). Loaded Objects now: 5382.
Memory consumption went from 149.0 MB to 145.5 MB.
Total: 13.452084 ms (FindLiveObjects: 0.311209 ms CreateObjectMapping: 0.198042 ms MarkObjects: 10.273875 ms  DeleteObjects: 2.668625 ms)

Prepare: number of updated asset objects reloaded= 0
========================================================================
Received Prepare
Begin MonoManager ReloadAssembly
Thread 0x16f857000 may have been prematurely finalized
Symbol file LoadedFromMemory is not a mono symbol file
- Loaded All Assemblies, in  0.573 seconds
'Packages/com.unity.xr.openxr/Runtime/OpenXRLoader.cs' contains partial class of Unity.Object, exactly 1 of the partial classes needs to be in a file with the same filename. This is to know the one that can be referenced from ie. GameObjects
'Packages/com.unity.xr.openxr/Runtime/OpenXRLoaderInternal.cs' contains partial class of Unity.Object, exactly 1 of the partial classes needs to be in a file with the same filename. This is to know the one that can be referenced from ie. GameObjects
Refreshing native plugins compatible for Editor in 8.00 ms, found 16 plugins.
Native extension for Android target not found
Native extension for OSXStandalone target not found
Refreshing native plugins compatible for Editor in 7.02 ms, found 16 plugins.
[Package Manager] Failed to launch server process. Reason: Unity was launched with the -noUpm command-line argument
[Package Manager] Unable to send message (not connected to server process).
[Package Manager] Cannot connect to Unity Package Manager local server
Mono: successfully reloaded assembly
[Package Manager] Failed to launch server process. Reason: Unity was launched with the -noUpm command-line argument
[Package Manager] Unable to send message (not connected to server process).
[Package Manager] Cannot connect to Unity Package Manager local server
- Finished resetting the current domain, in  0.633 seconds
Domain Reload Profiling: 1207ms
	BeginReloadAssembly (162ms)
		ExecutionOrderSort (0ms)
		DisableScriptedObjects (13ms)
		BackupInstance (0ms)
		ReleaseScriptingObjects (0ms)
		CreateAndSetChildDomain (46ms)
	RebuildCommonClasses (30ms)
	RebuildNativeTypeToScriptingClass (12ms)
	initialDomainReloadingComplete (18ms)
	LoadAllAssembliesAndSetupDomain (353ms)
		LoadAssemblies (318ms)
		RebuildTransferFunctionScriptingTraits (0ms)
		AnalyzeDomain (95ms)
			TypeCache.Refresh (12ms)
				TypeCache.ScanAssembly (0ms)
			BuildScriptInfoCaches (73ms)
			ResolveRequiredComponents (8ms)
	FinalizeReload (633ms)
		ReleaseScriptCaches (0ms)
		RebuildScriptCaches (0ms)
		SetupLoadedEditorAssemblies (463ms)
			LogAssemblyErrors (0ms)
			InitializePlatformSupportModulesInManaged (14ms)
			SetLoadedEditorAssemblies (4ms)
			BeforeProcessingInitializeOnLoad (53ms)
			ProcessInitializeOnLoadAttributes (181ms)
			ProcessInitializeOnLoadMethodAttributes (210ms)
			AfterProcessingInitializeOnLoad (1ms)
			EditorAssembliesLoaded (0ms)
		ExecutionOrderSort2 (0ms)
		AwakeInstancesAfterBackupRestoration (6ms)
Refreshing native plugins compatible for Editor in 10.89 ms, found 16 plugins.
Preloading 0 native plugins for Editor in 0.00 ms.
Unloading 15 Unused Serialized files (Serialized files now loaded: 0)
Unloading 4811 unused Assets / (3.5 MB). Loaded Objects now: 5383.
Memory consumption went from 151.0 MB to 147.5 MB.
Total: 13.034292 ms (FindLiveObjects: 0.296250 ms CreateObjectMapping: 0.187666 ms MarkObjects: 9.724292 ms  DeleteObjects: 2.825708 ms)

Prepare: number of updated asset objects reloaded= 0
========================================================================
Received Prepare
'Packages/com.unity.xr.openxr/Runtime/OpenXRLoader.cs' contains partial class of Unity.Object, exactly 1 of the partial classes needs to be in a file with the same filename. This is to know the one that can be referenced from ie. GameObjects
'Packages/com.unity.xr.openxr/Runtime/OpenXRLoaderInternal.cs' contains partial class of Unity.Object, exactly 1 of the partial classes needs to be in a file with the same filename. This is to know the one that can be referenced from ie. GameObjects
Refreshing native plugins compatible for Editor in 12.31 ms, found 16 plugins.
Preloading 0 native plugins for Editor in 0.00 ms.
Unloading 8 Unused Serialized files (Serialized files now loaded: 0)
Unloading 4705 unused Assets / (3.4 MB). Loaded Objects now: 5366.
Memory consumption went from 140.9 MB to 137.5 MB.
Total: 31.028083 ms (FindLiveObjects: 0.406417 ms CreateObjectMapping: 0.180875 ms MarkObjects: 27.406667 ms  DeleteObjects: 3.033625 ms)

Prepare: number of updated asset objects reloaded= 0
========================================================================
Received Import Request.
  Time since last request: 339.717324 seconds.
  path: Assets/MediaPipeUnity/Samples/Common/Scripts/SpeakerManager.cs
  artifactKey: Guid(009522dd2a5c147029c7bfda24869529) Importer(815301076,1909f56bfc062723c751e8b465ee728b)
Start importing Assets/MediaPipeUnity/Samples/Common/Scripts/SpeakerManager.cs using Guid(009522dd2a5c147029c7bfda24869529) Importer(815301076,1909f56bfc062723c751e8b465ee728b) (PreviewImporter) -> (artifact id: 'b0021857541e22b7629b00bdb3ae944c') in 0.003866042 seconds
Number of updated asset objects reloaded before import = 0Number of asset objects unloaded after import = 0

========================================================================
Received Prepare
Begin MonoManager ReloadAssembly
Thread 0x16f857000 may have been prematurely finalized
Symbol file LoadedFromMemory is not a mono symbol file
- Loaded All Assemblies, in  0.489 seconds
'Packages/com.unity.xr.openxr/Runtime/OpenXRLoader.cs' contains partial class of Unity.Object, exactly 1 of the partial classes needs to be in a file with the same filename. This is to know the one that can be referenced from ie. GameObjects
'Packages/com.unity.xr.openxr/Runtime/OpenXRLoaderInternal.cs' contains partial class of Unity.Object, exactly 1 of the partial classes needs to be in a file with the same filename. This is to know the one that can be referenced from ie. GameObjects
Refreshing native plugins compatible for Editor in 8.70 ms, found 16 plugins.
Native extension for Android target not found
Native extension for OSXStandalone target not found
Refreshing native plugins compatible for Editor in 7.63 ms, found 16 plugins.
[Package Manager] Failed to launch server process. Reason: Unity was launched with the -noUpm command-line argument
[Package Manager] Unable to send message (not connected to server process).
[Package Manager] Cannot connect to Unity Package Manager local server
Mono: successfully reloaded assembly
[Package Manager] Failed to launch server process. Reason: Unity was launched with the -noUpm command-line argument
[Package Manager] Unable to send message (not connected to server process).
[Package Manager] Cannot connect to Unity Package Manager local server
- Finished resetting the current domain, in  0.689 seconds
Domain Reload Profiling: 1180ms
	BeginReloadAssembly (140ms)
		ExecutionOrderSort (0ms)
		DisableScriptedObjects (6ms)
		BackupInstance (0ms)
		ReleaseScriptingObjects (0ms)
		CreateAndSetChildDomain (43ms)
	RebuildCommonClasses (29ms)
	RebuildNativeTypeToScriptingClass (12ms)
	initialDomainReloadingComplete (17ms)
	LoadAllAssembliesAndSetupDomain (292ms)
		LoadAssemblies (256ms)
		RebuildTransferFunctionScriptingTraits (0ms)
		AnalyzeDomain (94ms)
			TypeCache.Refresh (10ms)
				TypeCache.ScanAssembly (2ms)
			BuildScriptInfoCaches (74ms)
			ResolveRequiredComponents (6ms)
	FinalizeReload (689ms)
		ReleaseScriptCaches (0ms)
		RebuildScriptCaches (0ms)
		SetupLoadedEditorAssemblies (501ms)
			LogAssemblyErrors (0ms)
			InitializePlatformSupportModulesInManaged (15ms)
			SetLoadedEditorAssemblies (4ms)
			BeforeProcessingInitializeOnLoad (53ms)
			ProcessInitializeOnLoadAttributes (207ms)
			ProcessInitializeOnLoadMethodAttributes (221ms)
			AfterProcessingInitializeOnLoad (1ms)
			EditorAssembliesLoaded (0ms)
		ExecutionOrderSort2 (0ms)
		AwakeInstancesAfterBackupRestoration (6ms)
Refreshing native plugins compatible for Editor in 6.93 ms, found 16 plugins.
Preloading 0 native plugins for Editor in 0.00 ms.
Unloading 15 Unused Serialized files (Serialized files now loaded: 0)
Unloading 4812 unused Assets / (3.4 MB). Loaded Objects now: 5385.
Memory consumption went from 152.8 MB to 149.4 MB.
Total: 12.420708 ms (FindLiveObjects: 0.298791 ms CreateObjectMapping: 0.190125 ms MarkObjects: 10.048583 ms  DeleteObjects: 1.882708 ms)

Prepare: number of updated asset objects reloaded= 0
========================================================================
Received Prepare
Begin MonoManager ReloadAssembly
Thread 0x16f857000 may have been prematurely finalized
Symbol file LoadedFromMemory is not a mono symbol file
- Loaded All Assemblies, in  0.481 seconds
'Packages/com.unity.xr.openxr/Runtime/OpenXRLoader.cs' contains partial class of Unity.Object, exactly 1 of the partial classes needs to be in a file with the same filename. This is to know the one that can be referenced from ie. GameObjects
'Packages/com.unity.xr.openxr/Runtime/OpenXRLoaderInternal.cs' contains partial class of Unity.Object, exactly 1 of the partial classes needs to be in a file with the same filename. This is to know the one that can be referenced from ie. GameObjects
Refreshing native plugins compatible for Editor in 8.45 ms, found 16 plugins.
Native extension for Android target not found
Native extension for OSXStandalone target not found
Refreshing native plugins compatible for Editor in 9.14 ms, found 16 plugins.
[Package Manager] Failed to launch server process. Reason: Unity was launched with the -noUpm command-line argument
[Package Manager] Unable to send message (not connected to server process).
[Package Manager] Cannot connect to Unity Package Manager local server
Mono: successfully reloaded assembly
[Package Manager] Failed to launch server process. Reason: Unity was launched with the -noUpm command-line argument
[Package Manager] Unable to send message (not connected to server process).
[Package Manager] Cannot connect to Unity Package Manager local server
- Finished resetting the current domain, in  0.671 seconds
Domain Reload Profiling: 1154ms
	BeginReloadAssembly (141ms)
		ExecutionOrderSort (0ms)
		DisableScriptedObjects (8ms)
		BackupInstance (0ms)
		ReleaseScriptingObjects (0ms)
		CreateAndSetChildDomain (44ms)
	RebuildCommonClasses (29ms)
	RebuildNativeTypeToScriptingClass (12ms)
	initialDomainReloadingComplete (16ms)
	LoadAllAssembliesAndSetupDomain (285ms)
		LoadAssemblies (229ms)
		RebuildTransferFunctionScriptingTraits (0ms)
		AnalyzeDomain (102ms)
			TypeCache.Refresh (13ms)
				TypeCache.ScanAssembly (2ms)
			BuildScriptInfoCaches (80ms)
			ResolveRequiredComponents (7ms)
	FinalizeReload (671ms)
		ReleaseScriptCaches (0ms)
		RebuildScriptCaches (0ms)
		SetupLoadedEditorAssemblies (498ms)
			LogAssemblyErrors (0ms)
			InitializePlatformSupportModulesInManaged (18ms)
			SetLoadedEditorAssemblies (4ms)
			BeforeProcessingInitializeOnLoad (51ms)
			ProcessInitializeOnLoadAttributes (201ms)
			ProcessInitializeOnLoadMethodAttributes (222ms)
			AfterProcessingInitializeOnLoad (1ms)
			EditorAssembliesLoaded (0ms)
		ExecutionOrderSort2 (0ms)
		AwakeInstancesAfterBackupRestoration (6ms)
Refreshing native plugins compatible for Editor in 8.44 ms, found 16 plugins.
Preloading 0 native plugins for Editor in 0.00 ms.
Unloading 15 Unused Serialized files (Serialized files now loaded: 0)
Unloading 4812 unused Assets / (3.4 MB). Loaded Objects now: 5386.
Memory consumption went from 154.7 MB to 151.3 MB.
Total: 12.563583 ms (FindLiveObjects: 0.277708 ms CreateObjectMapping: 0.180500 ms MarkObjects: 9.988292 ms  DeleteObjects: 2.116625 ms)

Prepare: number of updated asset objects reloaded= 0
========================================================================
Received Prepare
Begin MonoManager ReloadAssembly
Thread 0x16f857000 may have been prematurely finalized
Symbol file LoadedFromMemory is not a mono symbol file
- Loaded All Assemblies, in  0.441 seconds
'Packages/com.unity.xr.openxr/Runtime/OpenXRLoader.cs' contains partial class of Unity.Object, exactly 1 of the partial classes needs to be in a file with the same filename. This is to know the one that can be referenced from ie. GameObjects
'Packages/com.unity.xr.openxr/Runtime/OpenXRLoaderInternal.cs' contains partial class of Unity.Object, exactly 1 of the partial classes needs to be in a file with the same filename. This is to know the one that can be referenced from ie. GameObjects
Refreshing native plugins compatible for Editor in 6.89 ms, found 16 plugins.
Native extension for Android target not found
Native extension for OSXStandalone target not found
Refreshing native plugins compatible for Editor in 8.10 ms, found 16 plugins.
[Package Manager] Failed to launch server process. Reason: Unity was launched with the -noUpm command-line argument
[Package Manager] Unable to send message (not connected to server process).
[Package Manager] Cannot connect to Unity Package Manager local server
Mono: successfully reloaded assembly
[Package Manager] Failed to launch server process. Reason: Unity was launched with the -noUpm command-line argument
[Package Manager] Unable to send message (not connected to server process).
[Package Manager] Cannot connect to Unity Package Manager local server
- Finished resetting the current domain, in  0.682 seconds
Domain Reload Profiling: 1125ms
	BeginReloadAssembly (104ms)
		ExecutionOrderSort (0ms)
		DisableScriptedObjects (4ms)
		BackupInstance (0ms)
		ReleaseScriptingObjects (0ms)
		CreateAndSetChildDomain (27ms)
	RebuildCommonClasses (29ms)
	RebuildNativeTypeToScriptingClass (12ms)
	initialDomainReloadingComplete (14ms)
	LoadAllAssembliesAndSetupDomain (283ms)
		LoadAssemblies (241ms)
		RebuildTransferFunctionScriptingTraits (0ms)
		AnalyzeDomain (86ms)
			TypeCache.Refresh (7ms)
				TypeCache.ScanAssembly (0ms)
			BuildScriptInfoCaches (71ms)
			ResolveRequiredComponents (6ms)
	FinalizeReload (682ms)
		ReleaseScriptCaches (0ms)
		RebuildScriptCaches (0ms)
		SetupLoadedEditorAssemblies (510ms)
			LogAssemblyErrors (0ms)
			InitializePlatformSupportModulesInManaged (23ms)
			SetLoadedEditorAssemblies (4ms)
			BeforeProcessingInitializeOnLoad (51ms)
			ProcessInitializeOnLoadAttributes (209ms)
			ProcessInitializeOnLoadMethodAttributes (221ms)
			AfterProcessingInitializeOnLoad (1ms)
			EditorAssembliesLoaded (0ms)
		ExecutionOrderSort2 (0ms)
		AwakeInstancesAfterBackupRestoration (7ms)
Refreshing native plugins compatible for Editor in 8.65 ms, found 16 plugins.
Preloading 0 native plugins for Editor in 0.00 ms.
Unloading 15 Unused Serialized files (Serialized files now loaded: 0)
Unloading 4812 unused Assets / (3.0 MB). Loaded Objects now: 5387.
Memory consumption went from 156.7 MB to 153.7 MB.
Total: 13.066292 ms (FindLiveObjects: 0.296875 ms CreateObjectMapping: 0.206375 ms MarkObjects: 10.187208 ms  DeleteObjects: 2.375417 ms)

Prepare: number of updated asset objects reloaded= 0
========================================================================
Received Prepare
'Packages/com.unity.xr.openxr/Runtime/OpenXRLoader.cs' contains partial class of Unity.Object, exactly 1 of the partial classes needs to be in a file with the same filename. This is to know the one that can be referenced from ie. GameObjects
'Packages/com.unity.xr.openxr/Runtime/OpenXRLoaderInternal.cs' contains partial class of Unity.Object, exactly 1 of the partial classes needs to be in a file with the same filename. This is to know the one that can be referenced from ie. GameObjects
Refreshing native plugins compatible for Editor in 12.07 ms, found 16 plugins.
Preloading 0 native plugins for Editor in 0.00 ms.
Unloading 8 Unused Serialized files (Serialized files now loaded: 0)
Unloading 4706 unused Assets / (3.0 MB). Loaded Objects now: 5370.
Memory consumption went from 146.6 MB to 143.6 MB.
Total: 26.180791 ms (FindLiveObjects: 0.401750 ms CreateObjectMapping: 0.184959 ms MarkObjects: 23.108333 ms  DeleteObjects: 2.485375 ms)

Prepare: number of updated asset objects reloaded= 0
========================================================================
Received Import Request.
  Time since last request: 204.164507 seconds.
  path: Assets/MediaPipeUnity/Samples/Common/Scripts/ASLManager.cs
  artifactKey: Guid(11fee9228f0f84375b0fffdcc40dfb99) Importer(815301076,1909f56bfc062723c751e8b465ee728b)
Start importing Assets/MediaPipeUnity/Samples/Common/Scripts/ASLManager.cs using Guid(11fee9228f0f84375b0fffdcc40dfb99) Importer(815301076,1909f56bfc062723c751e8b465ee728b) (PreviewImporter) -> (artifact id: 'b233c8bd1062c56a9efe88cdc40612c1') in 0.004519833 seconds
Number of updated asset objects reloaded before import = 0Number of asset objects unloaded after import = 0

========================================================================
Received Prepare
Begin MonoManager ReloadAssembly
Thread 0x16f857000 may have been prematurely finalized
Symbol file LoadedFromMemory is not a mono symbol file
- Loaded All Assemblies, in  0.485 seconds
'Packages/com.unity.xr.openxr/Runtime/OpenXRLoader.cs' contains partial class of Unity.Object, exactly 1 of the partial classes needs to be in a file with the same filename. This is to know the one that can be referenced from ie. GameObjects
'Packages/com.unity.xr.openxr/Runtime/OpenXRLoaderInternal.cs' contains partial class of Unity.Object, exactly 1 of the partial classes needs to be in a file with the same filename. This is to know the one that can be referenced from ie. GameObjects
Refreshing native plugins compatible for Editor in 7.81 ms, found 16 plugins.
Native extension for Android target not found
Native extension for OSXStandalone target not found
Refreshing native plugins compatible for Editor in 7.26 ms, found 16 plugins.
[Package Manager] Failed to launch server process. Reason: Unity was launched with the -noUpm command-line argument
[Package Manager] Unable to send message (not connected to server process).
[Package Manager] Cannot connect to Unity Package Manager local server
Mono: successfully reloaded assembly
[Package Manager] Failed to launch server process. Reason: Unity was launched with the -noUpm command-line argument
[Package Manager] Unable to send message (not connected to server process).
[Package Manager] Cannot connect to Unity Package Manager local server
- Finished resetting the current domain, in  0.672 seconds
Domain Reload Profiling: 1159ms
	BeginReloadAssembly (152ms)
		ExecutionOrderSort (0ms)
		DisableScriptedObjects (8ms)
		BackupInstance (0ms)
		ReleaseScriptingObjects (0ms)
		CreateAndSetChildDomain (46ms)
	RebuildCommonClasses (29ms)
	RebuildNativeTypeToScriptingClass (12ms)
	initialDomainReloadingComplete (17ms)
	LoadAllAssembliesAndSetupDomain (276ms)
		LoadAssemblies (248ms)
		RebuildTransferFunctionScriptingTraits (0ms)
		AnalyzeDomain (89ms)
			TypeCache.Refresh (11ms)
				TypeCache.ScanAssembly (2ms)
			BuildScriptInfoCaches (70ms)
			ResolveRequiredComponents (6ms)
	FinalizeReload (672ms)
		ReleaseScriptCaches (0ms)
		RebuildScriptCaches (0ms)
		SetupLoadedEditorAssemblies (488ms)
			LogAssemblyErrors (0ms)
			InitializePlatformSupportModulesInManaged (15ms)
			SetLoadedEditorAssemblies (4ms)
			BeforeProcessingInitializeOnLoad (50ms)
			ProcessInitializeOnLoadAttributes (198ms)
			ProcessInitializeOnLoadMethodAttributes (220ms)
			AfterProcessingInitializeOnLoad (1ms)
			EditorAssembliesLoaded (0ms)
		ExecutionOrderSort2 (0ms)
		AwakeInstancesAfterBackupRestoration (6ms)
Refreshing native plugins compatible for Editor in 8.64 ms, found 16 plugins.
Preloading 0 native plugins for Editor in 0.00 ms.
Unloading 15 Unused Serialized files (Serialized files now loaded: 0)
Unloading 4813 unused Assets / (3.1 MB). Loaded Objects now: 5389.
Memory consumption went from 158.6 MB to 155.4 MB.
Total: 12.220625 ms (FindLiveObjects: 0.296167 ms CreateObjectMapping: 0.191292 ms MarkObjects: 9.632292 ms  DeleteObjects: 2.099958 ms)

Prepare: number of updated asset objects reloaded= 0
========================================================================
Received Import Request.
  Time since last request: 5.282503 seconds.
  path: Assets/MediaPipeUnity/Samples/Common/Scripts/ASLManager.cs
  artifactKey: Guid(11fee9228f0f84375b0fffdcc40dfb99) Importer(815301076,1909f56bfc062723c751e8b465ee728b)
Start importing Assets/MediaPipeUnity/Samples/Common/Scripts/ASLManager.cs using Guid(11fee9228f0f84375b0fffdcc40dfb99) Importer(815301076,1909f56bfc062723c751e8b465ee728b) (PreviewImporter) -> (artifact id: 'daf16edb2ef3a8d1b83494521fe273e4') in 0.001157333 seconds
Number of updated asset objects reloaded before import = 0Number of asset objects unloaded after import = 0

========================================================================
Received Prepare
Begin MonoManager ReloadAssembly
Thread 0x16f857000 may have been prematurely finalized
Symbol file LoadedFromMemory is not a mono symbol file
- Loaded All Assemblies, in  0.532 seconds
'Packages/com.unity.xr.openxr/Runtime/OpenXRLoader.cs' contains partial class of Unity.Object, exactly 1 of the partial classes needs to be in a file with the same filename. This is to know the one that can be referenced from ie. GameObjects
'Packages/com.unity.xr.openxr/Runtime/OpenXRLoaderInternal.cs' contains partial class of Unity.Object, exactly 1 of the partial classes needs to be in a file with the same filename. This is to know the one that can be referenced from ie. GameObjects
Refreshing native plugins compatible for Editor in 6.88 ms, found 16 plugins.
Native extension for Android target not found
Native extension for OSXStandalone target not found
Refreshing native plugins compatible for Editor in 7.02 ms, found 16 plugins.
[Package Manager] Failed to launch server process. Reason: Unity was launched with the -noUpm command-line argument
[Package Manager] Unable to send message (not connected to server process).
[Package Manager] Cannot connect to Unity Package Manager local server
Mono: successfully reloaded assembly
[Package Manager] Failed to launch server process. Reason: Unity was launched with the -noUpm command-line argument
[Package Manager] Unable to send message (not connected to server process).
[Package Manager] Cannot connect to Unity Package Manager local server
- Finished resetting the current domain, in  0.672 seconds
Domain Reload Profiling: 1206ms
	BeginReloadAssembly (163ms)
		ExecutionOrderSort (0ms)
		DisableScriptedObjects (7ms)
		BackupInstance (0ms)
		ReleaseScriptingObjects (0ms)
		CreateAndSetChildDomain (48ms)
	RebuildCommonClasses (30ms)
	RebuildNativeTypeToScriptingClass (12ms)
	initialDomainReloadingComplete (20ms)
	LoadAllAssembliesAndSetupDomain (309ms)
		LoadAssemblies (279ms)
		RebuildTransferFunctionScriptingTraits (0ms)
		AnalyzeDomain (94ms)
			TypeCache.Refresh (12ms)
				TypeCache.ScanAssembly (2ms)
			BuildScriptInfoCaches (73ms)
			ResolveRequiredComponents (6ms)
	FinalizeReload (673ms)
		ReleaseScriptCaches (0ms)
		RebuildScriptCaches (0ms)
		SetupLoadedEditorAssemblies (483ms)
			LogAssemblyErrors (0ms)
			InitializePlatformSupportModulesInManaged (16ms)
			SetLoadedEditorAssemblies (4ms)
			BeforeProcessingInitializeOnLoad (48ms)
			ProcessInitializeOnLoadAttributes (191ms)
			ProcessInitializeOnLoadMethodAttributes (225ms)
			AfterProcessingInitializeOnLoad (1ms)
			EditorAssembliesLoaded (0ms)
		ExecutionOrderSort2 (0ms)
		AwakeInstancesAfterBackupRestoration (6ms)
Refreshing native plugins compatible for Editor in 8.36 ms, found 16 plugins.
Preloading 0 native plugins for Editor in 0.00 ms.
Unloading 15 Unused Serialized files (Serialized files now loaded: 0)
Unloading 4813 unused Assets / (3.0 MB). Loaded Objects now: 5390.
Memory consumption went from 160.4 MB to 157.4 MB.
Total: 12.239250 ms (FindLiveObjects: 0.291917 ms CreateObjectMapping: 0.185125 ms MarkObjects: 9.619042 ms  DeleteObjects: 2.142667 ms)

Prepare: number of updated asset objects reloaded= 0
========================================================================
Received Import Request.
  Time since last request: 25.453961 seconds.
  path: Assets/MediaPipeUnity/Samples/Common/Scripts/ASLManager.cs
  artifactKey: Guid(11fee9228f0f84375b0fffdcc40dfb99) Importer(815301076,1909f56bfc062723c751e8b465ee728b)
Start importing Assets/MediaPipeUnity/Samples/Common/Scripts/ASLManager.cs using Guid(11fee9228f0f84375b0fffdcc40dfb99) Importer(815301076,1909f56bfc062723c751e8b465ee728b) (PreviewImporter) -> (artifact id: 'c884c184247bcd177565b43d826cb34b') in 0.001176833 seconds
Number of updated asset objects reloaded before import = 0Number of asset objects unloaded after import = 0

========================================================================
Received Prepare
Begin MonoManager ReloadAssembly
Thread 0x16f857000 may have been prematurely finalized
Symbol file LoadedFromMemory is not a mono symbol file
- Loaded All Assemblies, in  0.541 seconds
'Packages/com.unity.xr.openxr/Runtime/OpenXRLoader.cs' contains partial class of Unity.Object, exactly 1 of the partial classes needs to be in a file with the same filename. This is to know the one that can be referenced from ie. GameObjects
'Packages/com.unity.xr.openxr/Runtime/OpenXRLoaderInternal.cs' contains partial class of Unity.Object, exactly 1 of the partial classes needs to be in a file with the same filename. This is to know the one that can be referenced from ie. GameObjects
Refreshing native plugins compatible for Editor in 9.33 ms, found 16 plugins.
Native extension for Android target not found
Native extension for OSXStandalone target not found
Refreshing native plugins compatible for Editor in 7.15 ms, found 16 plugins.
[Package Manager] Failed to launch server process. Reason: Unity was launched with the -noUpm command-line argument
[Package Manager] Unable to send message (not connected to server process).
[Package Manager] Cannot connect to Unity Package Manager local server
Mono: successfully reloaded assembly
[Package Manager] Failed to launch server process. Reason: Unity was launched with the -noUpm command-line argument
[Package Manager] Unable to send message (not connected to server process).
[Package Manager] Cannot connect to Unity Package Manager local server
- Finished resetting the current domain, in  0.632 seconds
Domain Reload Profiling: 1175ms
	BeginReloadAssembly (166ms)
		ExecutionOrderSort (0ms)
		DisableScriptedObjects (8ms)
		BackupInstance (0ms)
		ReleaseScriptingObjects (0ms)
		CreateAndSetChildDomain (61ms)
	RebuildCommonClasses (29ms)
	RebuildNativeTypeToScriptingClass (13ms)
	initialDomainReloadingComplete (22ms)
	LoadAllAssembliesAndSetupDomain (313ms)
		LoadAssemblies (273ms)
		RebuildTransferFunctionScriptingTraits (0ms)
		AnalyzeDomain (96ms)
			TypeCache.Refresh (8ms)
				TypeCache.ScanAssembly (0ms)
			BuildScriptInfoCaches (79ms)
			ResolveRequiredComponents (6ms)
	FinalizeReload (633ms)
		ReleaseScriptCaches (0ms)
		RebuildScriptCaches (0ms)
		SetupLoadedEditorAssemblies (462ms)
			LogAssemblyErrors (0ms)
			InitializePlatformSupportModulesInManaged (13ms)
			SetLoadedEditorAssemblies (4ms)
			BeforeProcessingInitializeOnLoad (51ms)
			ProcessInitializeOnLoadAttributes (184ms)
			ProcessInitializeOnLoadMethodAttributes (210ms)
			AfterProcessingInitializeOnLoad (1ms)
			EditorAssembliesLoaded (0ms)
		ExecutionOrderSort2 (0ms)
		AwakeInstancesAfterBackupRestoration (6ms)
Refreshing native plugins compatible for Editor in 10.60 ms, found 16 plugins.
Preloading 0 native plugins for Editor in 0.00 ms.
Unloading 15 Unused Serialized files (Serialized files now loaded: 0)
Unloading 4813 unused Assets / (3.3 MB). Loaded Objects now: 5391.
Memory consumption went from 162.3 MB to 159.1 MB.
Total: 12.757834 ms (FindLiveObjects: 0.296791 ms CreateObjectMapping: 0.191792 ms MarkObjects: 9.755708 ms  DeleteObjects: 2.513125 ms)

Prepare: number of updated asset objects reloaded= 0
